id;arabicVocalized;arabicUnvocalized;transliteration;german;categoryId;category;partOfSpeech;gender;pluralVocalized;pluralUnvocalized;root;usageNote;hint;frequencyBand;cefrLevel;difficulty;stage;tags;status;lemmaVocalized;lemmaUnvocalized;pattern;wordFamily;collocations;register;activeUse;translationNote
greeting_hello;مَرْحَبًا;مرحبا;marḥaban;Hallo;social;Begrüßung & Höflichkeit;phrase;;;;;Allgemeine Begrüßung;Allgemeine Begrüßung;core;A0;1;1;social|fusha|a0;draft;مَرْحَبًا;مرحبا;;;;neutral;true;
greeting_peace;اَلسَّلَامُ عَلَيْكُمْ;السلام عليكم;as-salāmu ʿalaikum;Friede sei mit euch;social;Begrüßung & Höflichkeit;phrase;;;;;Typische Begrüßungsformel;Typische Begrüßungsformel;core;A0;1;1;social|fusha|a0;draft;اَلسَّلَامُ عَلَيْكُمْ;السلام عليكم;;;;neutral;true;
greeting_reply;وَعَلَيْكُمُ السَّلَامُ;وعليكم السلام;wa-ʿalaikumu s-salām;Und mit euch sei Frieden;social;Begrüßung & Höflichkeit;phrase;;;;;Antwort auf السلام عليكم;Antwort auf السلام عليكم;core;A0;1;1;social|fusha|a0;draft;وَعَلَيْكُمُ السَّلَامُ;وعليكم السلام;;;;neutral;true;
greeting_thanks;شُكْرًا;شكرا;shukran;Danke;social;Begrüßung & Höflichkeit;phrase;;;;;;;core;A0;1;1;social|fusha|a0;draft;شُكْرًا;شكرا;;;;neutral;true;
greeting_please;مِنْ فَضْلِكَ;من فضلك;min faḍlika;Bitte;social;Begrüßung & Höflichkeit;phrase;;;;;;;core;A0;1;1;social|fusha|a0;draft;مِنْ فَضْلِكَ;من فضلك;;;;neutral;true;
greeting_goodbye;مَعَ السَّلَامَةِ;مع السلامة;maʿa s-salāma;Auf Wiedersehen;social;Begrüßung & Höflichkeit;phrase;;;;;;;core;A0;1;1;social|fusha|a0;draft;مَعَ السَّلَامَةِ;مع السلامة;;;;neutral;true;
daily_yes;نَعَمْ;نعم;naʿam;Ja;daily;Alltag;particle;;;;;;;core;A0;1;1;daily|fusha|a0;draft;نَعَمْ;نعم;;;;neutral;true;
daily_no;لَا;لا;lā;Nein;daily;Alltag;particle;;;;;;;core;A0;1;1;daily|fusha|a0;draft;لَا;لا;;;;neutral;true;
daily_how_are_you;كَيْفَ حَالُكَ؟;كيف حالك؟;kaifa ḥāluka?;Wie geht es dir?;daily;Alltag;phrase;;;;;;;core;A0;1;2;daily|fusha|a0;draft;كَيْفَ حَالُكَ؟;كيف حالك؟;;;;neutral;true;
daily_fine;أَنَا بِخَيْرٍ;أنا بخير;anā bikhairin;Mir geht es gut;daily;Alltag;phrase;;;;;;;core;A0;1;2;daily|fusha|a0;draft;أَنَا بِخَيْرٍ;أنا بخير;;;;neutral;true;
daily_name;اِسْمٌ;اسم;ismun;Name;daily;Alltag;noun;masculine;;;;;;core;A0;1;2;daily|fusha|a0;draft;اِسْمٌ;اسم;;;;neutral;true;
daily_today;اَلْيَوْمَ;اليوم;al-yauma;heute;daily;Alltag;adverb;;;;;;;core;A0;1;2;daily|fusha|a0;draft;اَلْيَوْمَ;اليوم;;;;neutral;true;
home_house;بَيْتٌ;بيت;baitun;Haus;home;Zuhause;noun;masculine;;;;;;core;A0;1;2;home|fusha|a0;draft;بَيْتٌ;بيت;;;;neutral;true;
home_door;بَابٌ;باب;bābun;Tür;home;Zuhause;noun;masculine;;;;;;core;A0;1;2;home|fusha|a0;draft;بَابٌ;باب;;;;neutral;true;
home_room;غُرْفَةٌ;غرفة;ghurfatun;Zimmer;home;Zuhause;noun;feminine;;;;;;core;A0;1;2;home|fusha|a0;draft;غُرْفَةٌ;غرفة;;;;neutral;true;
home_kitchen;مَطْبَخٌ;مطبخ;maṭbakhun;Küche;home;Zuhause;noun;masculine;;;;;;core;A0;1;2;home|fusha|a0;draft;مَطْبَخٌ;مطبخ;;;;neutral;true;
home_window;نَافِذَةٌ;نافذة;nāfidhatun;Fenster;home;Zuhause;noun;feminine;;;;;;core;A0;1;2;home|fusha|a0;draft;نَافِذَةٌ;نافذة;;;;neutral;true;
home_chair;كُرْسِيٌّ;كرسي;kursiyyun;Stuhl;home;Zuhause;noun;masculine;;;;;;core;A0;1;2;home|fusha|a0;draft;كُرْسِيٌّ;كرسي;;;;neutral;true;
learning_book;كِتَابٌ;كتاب;kitābun;Buch;education;Lernen & Sprache;noun;masculine;;;;;;core;A0;1;2;education|fusha|a0;draft;كِتَابٌ;كتاب;;;;neutral;true;
learning_pen;قَلَمٌ;قلم;qalamun;Stift;education;Lernen & Sprache;noun;masculine;;;;;;core;A0;1;2;education|fusha|a0;draft;قَلَمٌ;قلم;;;;neutral;true;
learning_notebook;دَفْتَرٌ;دفتر;daftarun;Heft;education;Lernen & Sprache;noun;masculine;;;;;;core;A0;1;2;education|fusha|a0;draft;دَفْتَرٌ;دفتر;;;;neutral;true;
learning_lesson;دَرْسٌ;درس;darsun;Lektion;education;Lernen & Sprache;noun;masculine;;;;;;core;A0;1;2;education|fusha|a0;draft;دَرْسٌ;درس;;;;neutral;true;
learning_student;طَالِبٌ;طالب;ṭālibun;Schüler/Student;education;Lernen & Sprache;noun;masculine;;;;;;core;A1;2;3;education|fusha|a1;draft;طَالِبٌ;طالب;;;;neutral;true;
learning_teacher;مُعَلِّمٌ;معلم;muʿallimun;Lehrer;education;Lernen & Sprache;noun;masculine;;;;;;core;A1;2;3;education|fusha|a1;draft;مُعَلِّمٌ;معلم;;;;neutral;true;
food_water;مَاءٌ;ماء;māʾun;Wasser;food;Essen & Trinken;noun;masculine;;;;;;core;A0;1;2;food|fusha|a0;draft;مَاءٌ;ماء;;;;neutral;true;
food_food;طَعَامٌ;طعام;ṭaʿāmun;Essen;food;Essen & Trinken;noun;masculine;;;;;;core;A0;1;2;food|fusha|a0;draft;طَعَامٌ;طعام;;;;neutral;true;
food_bread;خُبْزٌ;خبز;khubzun;Brot;food;Essen & Trinken;noun;masculine;;;;;;core;A0;1;2;food|fusha|a0;draft;خُبْزٌ;خبز;;;;neutral;true;
food_tea;شَايٌ;شاي;shāyun;Tee;food;Essen & Trinken;noun;masculine;;;;;;core;A0;1;2;food|fusha|a0;draft;شَايٌ;شاي;;;;neutral;true;
food_coffee;قَهْوَةٌ;قهوة;qahwatun;Kaffee;food;Essen & Trinken;noun;feminine;;;;;;core;A1;2;3;food|fusha|a1;draft;قَهْوَةٌ;قهوة;;;;neutral;true;
food_milk;حَلِيبٌ;حليب;ḥalībun;Milch;food;Essen & Trinken;noun;masculine;;;;;;core;A1;2;3;food|fusha|a1;draft;حَلِيبٌ;حليب;;;;neutral;true;
family_father;أَبٌ;أب;abun;Vater;family;Familie & Menschen;noun;masculine;;;;;;core;A0;1;2;family|fusha|a0;draft;أَبٌ;أب;;;;neutral;true;
family_mother;أُمٌّ;أم;ummun;Mutter;family;Familie & Menschen;noun;feminine;;;;;;core;A0;1;2;family|fusha|a0;draft;أُمٌّ;أم;;;;neutral;true;
family_brother;أَخٌ;أخ;akhun;Bruder;family;Familie & Menschen;noun;masculine;;;;;;core;A0;1;2;family|fusha|a0;draft;أَخٌ;أخ;;;;neutral;true;
family_sister;أُخْتٌ;أخت;ukhtun;Schwester;family;Familie & Menschen;noun;feminine;;;;;;core;A0;1;2;family|fusha|a0;draft;أُخْتٌ;أخت;;;;neutral;true;
family_son;اِبْنٌ;ابن;ibnun;Sohn;family;Familie & Menschen;noun;masculine;;;;;;core;A1;2;3;family|fusha|a1;draft;اِبْنٌ;ابن;;;;neutral;true;
family_daughter;بِنْتٌ;بنت;bintun;Tochter;family;Familie & Menschen;noun;feminine;;;;;;core;A1;2;3;family|fusha|a1;draft;بِنْتٌ;بنت;;;;neutral;true;
city_street;شَارِعٌ;شارع;shāriʿun;Straße;places;Orte & Unterwegs;noun;masculine;;;;;;core;A1;2;3;places|fusha|a1;draft;شَارِعٌ;شارع;;;;neutral;true;
city_market;سُوقٌ;سوق;sūqun;Markt;places;Orte & Unterwegs;noun;masculine;;;;;;core;A1;2;3;places|fusha|a1;draft;سُوقٌ;سوق;;;;neutral;true;
city_school;مَدْرَسَةٌ;مدرسة;madrasatun;Schule;places;Orte & Unterwegs;noun;feminine;;;;;;core;A1;2;3;places|fusha|a1;draft;مَدْرَسَةٌ;مدرسة;;;;neutral;true;
city_mosque;مَسْجِدٌ;مسجد;masjidun;Moschee;places;Orte & Unterwegs;noun;masculine;;;;;;core;A1;2;3;places|fusha|a1;draft;مَسْجِدٌ;مسجد;;;;neutral;true;
time_morning;صَبَاحٌ;صباح;ṣabāḥun;Morgen;time;Zeit;noun;masculine;;;;;;core;A1;2;3;time|fusha|a1;draft;صَبَاحٌ;صباح;;;;neutral;true;
time_evening;مَسَاءٌ;مساء;masāʾun;Abend;time;Zeit;noun;masculine;;;;;;core;A1;2;3;time|fusha|a1;draft;مَسَاءٌ;مساء;;;;neutral;true;
number_one;وَاحِدٌ;واحد;wāḥidun;eins;numbers;Zahlen;number;;;;;;;core;A1;2;3;numbers|fusha|a1;draft;وَاحِدٌ;واحد;;;;neutral;true;
number_two;اِثْنَانِ;اثنان;ithnāni;zwei;numbers;Zahlen;number;;;;;;;core;A1;2;3;numbers|fusha|a1;draft;اِثْنَانِ;اثنان;;;;neutral;true;
number_three;ثَلَاثَةٌ;ثلاثة;thalāthatun;drei;numbers;Zahlen;number;;;;;;;core;A1;2;3;numbers|fusha|a1;draft;ثَلَاثَةٌ;ثلاثة;;;;neutral;true;
verb_go;ذَهَبَ;ذهب;dhahaba;er ging;verbs;Grundverben;verb;;;;;;;common;A2;3;4;verbs|fusha|a2;draft;ذَهَبَ;ذهب;;;;neutral;true;
verb_write;كَتَبَ;كتب;kataba;er schrieb;verbs;Grundverben;verb;;;;;;;common;A2;3;4;verbs|fusha|a2;draft;كَتَبَ;كتب;;;;neutral;true;
verb_read;قَرَأَ;قرأ;qaraʾa;er las;verbs;Grundverben;verb;;;;;;;common;A2;3;4;verbs|fusha|a2;draft;قَرَأَ;قرأ;;;;neutral;true;
verb_learn;تَعَلَّمَ;تعلم;taʿallama;er lernte;verbs;Grundverben;verb;;;;;;;common;A2;3;4;verbs|fusha|a2;draft;تَعَلَّمَ;تعلم;;;;neutral;true;
social_welcome;أَهْلًا وَسَهْلًا;أهلا وسهلا;ahlan wa-sahlan;Herzlich willkommen;social;Begrüßung & Höflichkeit;phrase;;;;;;;core;A0;1;1;social|fusha|a0;draft;أَهْلًا وَسَهْلًا;أهلا وسهلا;;;;neutral;true;
social_good_morning;صَبَاحُ الْخَيْرِ;صباح الخير;ṣabāḥu l-khayr;Guten Morgen;social;Begrüßung & Höflichkeit;phrase;;;;;;;core;A0;1;1;social|fusha|a0;draft;صَبَاحُ الْخَيْرِ;صباح الخير;;;;neutral;true;
social_morning_reply;صَبَاحُ النُّورِ;صباح النور;ṣabāḥu n-nūr;Guten Morgen (Antwort);social;Begrüßung & Höflichkeit;phrase;;;;;;;core;A0;1;1;social|fusha|a0;draft;صَبَاحُ النُّورِ;صباح النور;;;;neutral;true;
social_good_evening;مَسَاءُ الْخَيْرِ;مساء الخير;masāʾu l-khayr;Guten Abend;social;Begrüßung & Höflichkeit;phrase;;;;;;;core;A0;1;1;social|fusha|a0;draft;مَسَاءُ الْخَيْرِ;مساء الخير;;;;neutral;true;
social_evening_reply;مَسَاءُ النُّورِ;مساء النور;masāʾu n-nūr;Guten Abend (Antwort);social;Begrüßung & Höflichkeit;phrase;;;;;;;core;A0;1;1;social|fusha|a0;draft;مَسَاءُ النُّورِ;مساء النور;;;;neutral;true;
social_excuse_me;عَفْوًا;عفوا;ʿafwan;Entschuldigung / gern geschehen;social;Begrüßung & Höflichkeit;phrase;;;;;;;core;A0;1;1;social|fusha|a0;draft;عَفْوًا;عفوا;;;;neutral;true;
social_sorry;آسِفٌ;آسف;āsifun;Entschuldigung / es tut mir leid (m.);social;Begrüßung & Höflichkeit;adjective;;;;;;;core;A0;1;1;social|fusha|a0;draft;آسِفٌ;آسف;;;;neutral;true;
question_what;مَاذَا;ماذا;māḏā;was?;questions;Fragewörter;pronoun;;;;;;;core;A0;1;1;questions|fusha|a0;draft;مَاذَا;ماذا;;;;neutral;true;
question_who;مَنْ;من;man;wer?;questions;Fragewörter;pronoun;;;;;;;core;A0;1;1;questions|fusha|a0;draft;مَنْ;من;;;;neutral;true;
question_where;أَيْنَ;أين;ayna;wo?;questions;Fragewörter;adverb;;;;;;;core;A0;1;1;questions|fusha|a0;draft;أَيْنَ;أين;;;;neutral;true;
question_how;كَيْفَ;كيف;kayfa;wie?;questions;Fragewörter;adverb;;;;;;;core;A0;1;1;questions|fusha|a0;draft;كَيْفَ;كيف;;;;neutral;true;
demonstrative_this_m;هٰذَا;هذا;hāḏā;dieser / das (m.);grammar_words;Grammatische Grundwörter;pronoun;;;;;;;core;A0;1;1;grammar_words|fusha|a0;draft;هٰذَا;هذا;;;;neutral;true;
demonstrative_this_f;هٰذِهِ;هذه;hāḏihi;diese / das (w.);grammar_words;Grammatische Grundwörter;pronoun;;;;;;;core;A0;1;1;grammar_words|fusha|a0;draft;هٰذِهِ;هذه;;;;neutral;true;
pronoun_i;أَنَا;أنا;anā;ich;grammar_words;Grammatische Grundwörter;pronoun;;;;;;;core;A0;1;1;grammar_words|fusha|a0;draft;أَنَا;أنا;;;;neutral;true;
pronoun_you_m;أَنْتَ;أنت;anta;du (m.);grammar_words;Grammatische Grundwörter;pronoun;;;;;;;core;A0;1;1;grammar_words|fusha|a0;draft;أَنْتَ;أنت;;;;neutral;true;
pronoun_you_f;أَنْتِ;أنت;anti;du (w.);grammar_words;Grammatische Grundwörter;pronoun;;;;;;;core;A0;1;1;grammar_words|fusha|a0;draft;أَنْتِ;أنت;;;;neutral;true;
pronoun_he;هُوَ;هو;huwa;er;grammar_words;Grammatische Grundwörter;pronoun;;;;;;;core;A0;1;1;grammar_words|fusha|a0;draft;هُوَ;هو;;;;neutral;true;
pronoun_she;هِيَ;هي;hiya;sie;grammar_words;Grammatische Grundwörter;pronoun;;;;;;;core;A0;1;1;grammar_words|fusha|a0;draft;هِيَ;هي;;;;neutral;true;
pronoun_we;نَحْنُ;نحن;naḥnu;wir;grammar_words;Grammatische Grundwörter;pronoun;;;;;;;core;A0;1;1;grammar_words|fusha|a0;draft;نَحْنُ;نحن;;;;neutral;true;
pronoun_they_m;هُمْ;هم;hum;sie (m./gemischt);grammar_words;Grammatische Grundwörter;pronoun;;;;;;;core;A0;1;1;grammar_words|fusha|a0;draft;هُمْ;هم;;;;neutral;true;
number_four;أَرْبَعَةٌ;أربعة;arbaʿatun;vier;numbers;Zahlen;number;;;;;;;core;A0;1;1;numbers|fusha|a0;draft;أَرْبَعَةٌ;أربعة;;;;neutral;true;
number_five;خَمْسَةٌ;خمسة;khamsatun;fünf;numbers;Zahlen;number;;;;;;;core;A0;1;1;numbers|fusha|a0;draft;خَمْسَةٌ;خمسة;;;;neutral;true;
number_six;سِتَّةٌ;ستة;sittatun;sechs;numbers;Zahlen;number;;;;;;;core;A0;1;1;numbers|fusha|a0;draft;سِتَّةٌ;ستة;;;;neutral;true;
number_seven;سَبْعَةٌ;سبعة;sabʿatun;sieben;numbers;Zahlen;number;;;;;;;core;A0;1;1;numbers|fusha|a0;draft;سَبْعَةٌ;سبعة;;;;neutral;true;
number_eight;ثَمَانِيَةٌ;ثمانية;ṯamāniyatun;acht;numbers;Zahlen;number;;;;;;;core;A0;1;1;numbers|fusha|a0;draft;ثَمَانِيَةٌ;ثمانية;;;;neutral;true;
number_nine;تِسْعَةٌ;تسعة;tisʿatun;neun;numbers;Zahlen;number;;;;;;;core;A0;1;1;numbers|fusha|a0;draft;تِسْعَةٌ;تسعة;;;;neutral;true;
number_ten;عَشَرَةٌ;عشرة;ʿašaratun;zehn;numbers;Zahlen;number;;;;;;;core;A0;1;1;numbers|fusha|a0;draft;عَشَرَةٌ;عشرة;;;;neutral;true;
time_now;اَلْآنَ;الآن;al-āna;jetzt;time;Zeit;adverb;;;;;;;core;A0;1;1;time|fusha|a0;draft;اَلْآنَ;الآن;;;;neutral;true;
time_tomorrow;غَدًا;غدا;ghadan;morgen;time;Zeit;adverb;;;;;;;core;A0;1;1;time|fusha|a0;draft;غَدًا;غدا;;;;neutral;true;
time_yesterday;أَمْسِ;أمس;amsi;gestern;time;Zeit;adverb;;;;;;;core;A0;1;1;time|fusha|a0;draft;أَمْسِ;أمس;;;;neutral;true;
place_here;هُنَا;هنا;hunā;hier;places;Orte & Unterwegs;adverb;;;;;;;core;A0;1;1;places|fusha|a0;draft;هُنَا;هنا;;;;neutral;true;
place_there;هُنَاكَ;هناك;hunāka;dort;places;Orte & Unterwegs;adverb;;;;;;;core;A0;1;1;places|fusha|a0;draft;هُنَاكَ;هناك;;;;neutral;true;
family_husband;زَوْجٌ;زوج;zawjun;Ehemann;family;Familie & Menschen;noun;masculine;;;;;;core;A1;2;2;family|fusha|a1;draft;زَوْجٌ;زوج;;;;neutral;true;
family_wife;زَوْجَةٌ;زوجة;zawjatun;Ehefrau;family;Familie & Menschen;noun;feminine;;;;;;core;A1;2;2;family|fusha|a1;draft;زَوْجَةٌ;زوجة;;;;neutral;true;
people_child;طِفْلٌ;طفل;ṭiflun;Kind;family;Familie & Menschen;noun;masculine;;;;;;core;A1;2;2;family|fusha|a1;draft;طِفْلٌ;طفل;;;;neutral;true;
people_man;رَجُلٌ;رجل;rajulun;Mann;family;Familie & Menschen;noun;masculine;;;;;;core;A1;2;2;family|fusha|a1;draft;رَجُلٌ;رجل;;;;neutral;true;
people_woman;اِمْرَأَةٌ;امرأة;imraʾatun;Frau;family;Familie & Menschen;noun;feminine;;;;;;core;A1;2;2;family|fusha|a1;draft;اِمْرَأَةٌ;امرأة;;;;neutral;true;
people_friend_m;صَدِيقٌ;صديق;ṣadīqun;Freund;family;Familie & Menschen;noun;masculine;;;;;;core;A1;2;2;family|fusha|a1;draft;صَدِيقٌ;صديق;;;;neutral;true;
people_friend_f;صَدِيقَةٌ;صديقة;ṣadīqatun;Freundin;family;Familie & Menschen;noun;feminine;;;;;;core;A1;2;2;family|fusha|a1;draft;صَدِيقَةٌ;صديقة;;;;neutral;true;
family_household;أُسْرَةٌ;أسرة;usratun;Familie / Haushalt;family;Familie & Menschen;noun;feminine;;;;;;core;A1;2;2;family|fusha|a1;draft;أُسْرَةٌ;أسرة;;;;neutral;true;
family_parents;وَالِدَانِ;والدان;wālidāni;Eltern;family;Familie & Menschen;noun;masculine;;;;;;core;A1;2;2;family|fusha|a1;draft;وَالِدَانِ;والدان;;;;neutral;true;
people_people;نَاسٌ;ناس;nāsun;Menschen / Leute;family;Familie & Menschen;noun;masculine;;;;;;core;A1;2;2;family|fusha|a1;draft;نَاسٌ;ناس;;;;neutral;true;
home_table;طَاوِلَةٌ;طاولة;ṭāwilatun;Tisch;home;Zuhause;noun;feminine;;;;;;core;A1;2;2;home|fusha|a1;draft;طَاوِلَةٌ;طاولة;;;;neutral;true;
home_bed;سَرِيرٌ;سرير;sarīrun;Bett;home;Zuhause;noun;masculine;;;;;;core;A1;2;2;home|fusha|a1;draft;سَرِيرٌ;سرير;;;;neutral;true;
home_bathroom;حَمَّامٌ;حمام;ḥammāmun;Badezimmer;home;Zuhause;noun;masculine;;;;;;core;A1;2;2;home|fusha|a1;draft;حَمَّامٌ;حمام;;;;neutral;true;
home_wall;جِدَارٌ;جدار;jidārun;Wand;home;Zuhause;noun;masculine;;;;;;core;A1;2;2;home|fusha|a1;draft;جِدَارٌ;جدار;;;;neutral;true;
home_floor;أَرْضِيَّةٌ;أرضية;arḍiyyatun;Fußboden;home;Zuhause;noun;feminine;;;;;;core;A1;2;2;home|fusha|a1;draft;أَرْضِيَّةٌ;أرضية;;;;neutral;true;
home_key;مِفْتَاحٌ;مفتاح;miftāḥun;Schlüssel;home;Zuhause;noun;masculine;;;;;;core;A1;2;2;home|fusha|a1;draft;مِفْتَاحٌ;مفتاح;;;;neutral;true;
home_lamp;مِصْبَاحٌ;مصباح;miṣbāḥun;Lampe;home;Zuhause;noun;masculine;;;;;;core;A1;2;2;home|fusha|a1;draft;مِصْبَاحٌ;مصباح;;;;neutral;true;
home_garden;حَدِيقَةٌ;حديقة;ḥadīqatun;Garten;home;Zuhause;noun;feminine;;;;;;core;A1;2;2;home|fusha|a1;draft;حَدِيقَةٌ;حديقة;;;;neutral;true;
food_apple;تُفَّاحَةٌ;تفاحة;tuffāḥatun;Apfel;food;Essen & Trinken;noun;feminine;;;;;;core;A1;2;2;food|fusha|a1;draft;تُفَّاحَةٌ;تفاحة;;;;neutral;true;
food_rice;أَرُزٌّ;أرز;aruzzun;Reis;food;Essen & Trinken;noun;masculine;;;;;;core;A1;2;2;food|fusha|a1;draft;أَرُزٌّ;أرز;;;;neutral;true;
food_meat;لَحْمٌ;لحم;laḥmun;Fleisch;food;Essen & Trinken;noun;masculine;;;;;;core;A1;2;2;food|fusha|a1;draft;لَحْمٌ;لحم;;;;neutral;true;
food_fish;سَمَكٌ;سمك;samakun;Fisch;food;Essen & Trinken;noun;masculine;;;;;;core;A1;2;2;food|fusha|a1;draft;سَمَكٌ;سمك;;;;neutral;true;
food_fruit;فَاكِهَةٌ;فاكهة;fākihatun;Obst;food;Essen & Trinken;noun;feminine;;;;;;core;A1;2;2;food|fusha|a1;draft;فَاكِهَةٌ;فاكهة;;;;neutral;true;
food_vegetables;خُضْرَوَاتٌ;خضروات;khuḍrawātun;Gemüse;food;Essen & Trinken;noun;feminine;;;;;;core;A1;2;2;food|fusha|a1;draft;خُضْرَوَاتٌ;خضروات;;;;neutral;true;
food_sugar;سُكَّرٌ;سكر;sukkarun;Zucker;food;Essen & Trinken;noun;masculine;;;;;;core;A1;2;2;food|fusha|a1;draft;سُكَّرٌ;سكر;;;;neutral;true;
food_salt;مِلْحٌ;ملح;milḥun;Salz;food;Essen & Trinken;noun;masculine;;;;;;core;A1;2;2;food|fusha|a1;draft;مِلْحٌ;ملح;;;;neutral;true;
food_breakfast;فُطُورٌ;فطور;fuṭūrun;Frühstück;food;Essen & Trinken;noun;masculine;;;;;;core;A1;2;2;food|fusha|a1;draft;فُطُورٌ;فطور;;;;neutral;true;
food_dinner;عَشَاءٌ;عشاء;ʿašāʾun;Abendessen;food;Essen & Trinken;noun;masculine;;;;;;core;A1;2;2;food|fusha|a1;draft;عَشَاءٌ;عشاء;;;;neutral;true;
education_university;جَامِعَةٌ;جامعة;jāmiʿatun;Universität;education;Lernen & Sprache;noun;feminine;;;;;;core;A1;2;2;education|fusha|a1;draft;جَامِعَةٌ;جامعة;;;;neutral;true;
education_classroom;صَفٌّ;صف;ṣaffun;Klasse / Unterrichtsraum;education;Lernen & Sprache;noun;masculine;;;;;;core;A1;2;2;education|fusha|a1;draft;صَفٌّ;صف;;;;neutral;true;
education_question;سُؤَالٌ;سؤال;suʾālun;Frage;education;Lernen & Sprache;noun;masculine;;;;;;core;A1;2;2;education|fusha|a1;draft;سُؤَالٌ;سؤال;;;;neutral;true;
education_answer;جَوَابٌ;جواب;jawābun;Antwort;education;Lernen & Sprache;noun;masculine;;;;;;core;A1;2;2;education|fusha|a1;draft;جَوَابٌ;جواب;;;;neutral;true;
education_language;لُغَةٌ;لغة;lughatun;Sprache;education;Lernen & Sprache;noun;feminine;;;;;;core;A1;2;2;education|fusha|a1;draft;لُغَةٌ;لغة;;;;neutral;true;
education_word;كَلِمَةٌ;كلمة;kalimatun;Wort;education;Lernen & Sprache;noun;feminine;;;;;;core;A1;2;2;education|fusha|a1;draft;كَلِمَةٌ;كلمة;;;;neutral;true;
education_sentence;جُمْلَةٌ;جملة;jumlatun;Satz;education;Lernen & Sprache;noun;feminine;;;;;;core;A1;2;2;education|fusha|a1;draft;جُمْلَةٌ;جملة;;;;neutral;true;
education_exam;اِمْتِحَانٌ;امتحان;imtiḥānun;Prüfung;education;Lernen & Sprache;noun;masculine;;;;;;core;A1;2;2;education|fusha|a1;draft;اِمْتِحَانٌ;امتحان;;;;neutral;true;
time_hour;سَاعَةٌ;ساعة;sāʿatun;Stunde / Uhr;time;Zeit;noun;feminine;;;;;;core;A1;2;2;time|fusha|a1;draft;سَاعَةٌ;ساعة;;;;neutral;true;
time_minute;دَقِيقَةٌ;دقيقة;daqīqatun;Minute;time;Zeit;noun;feminine;;;;;;core;A1;2;2;time|fusha|a1;draft;دَقِيقَةٌ;دقيقة;;;;neutral;true;
time_week;أُسْبُوعٌ;أسبوع;usbūʿun;Woche;time;Zeit;noun;masculine;;;;;;core;A1;2;2;time|fusha|a1;draft;أُسْبُوعٌ;أسبوع;;;;neutral;true;
time_month;شَهْرٌ;شهر;šahrun;Monat;time;Zeit;noun;masculine;;;;;;core;A1;2;2;time|fusha|a1;draft;شَهْرٌ;شهر;;;;neutral;true;
time_year;سَنَةٌ;سنة;sanatun;Jahr;time;Zeit;noun;feminine;;;;;;core;A1;2;2;time|fusha|a1;draft;سَنَةٌ;سنة;;;;neutral;true;
time_monday;اَلِاثْنَيْنِ;الاثنين;al-iṯnayni;Montag;time;Zeit;noun;masculine;;;;;;core;A1;2;2;time|fusha|a1;draft;اَلِاثْنَيْنِ;الاثنين;;;;neutral;true;
time_friday;اَلْجُمُعَةِ;الجمعة;al-jumuʿati;Freitag;time;Zeit;noun;feminine;;;;;;core;A1;2;2;time|fusha|a1;draft;اَلْجُمُعَةِ;الجمعة;;;;neutral;true;
adjective_big;كَبِيرٌ;كبير;kabīrun;groß;adjectives;Grundadjektive;adjective;;;;;;;core;A1;2;2;adjectives|fusha|a1;draft;كَبِيرٌ;كبير;;;;neutral;true;
adjective_small;صَغِيرٌ;صغير;ṣaghīrun;klein;adjectives;Grundadjektive;adjective;;;;;;;core;A1;2;2;adjectives|fusha|a1;draft;صَغِيرٌ;صغير;;;;neutral;true;
adjective_good;جَيِّدٌ;جيد;jayyidun;gut;adjectives;Grundadjektive;adjective;;;;;;;core;A1;2;2;adjectives|fusha|a1;draft;جَيِّدٌ;جيد;;;;neutral;true;
adjective_bad;سَيِّئٌ;سيئ;sayyiʾun;schlecht;adjectives;Grundadjektive;adjective;;;;;;;core;A1;2;2;adjectives|fusha|a1;draft;سَيِّئٌ;سيئ;;;;neutral;true;
adjective_new;جَدِيدٌ;جديد;jadīdun;neu;adjectives;Grundadjektive;adjective;;;;;;;core;A1;2;2;adjectives|fusha|a1;draft;جَدِيدٌ;جديد;;;;neutral;true;
adjective_old;قَدِيمٌ;قديم;qadīmun;alt;adjectives;Grundadjektive;adjective;;;;;;;core;A1;2;2;adjectives|fusha|a1;draft;قَدِيمٌ;قديم;;;;neutral;true;
adjective_beautiful;جَمِيلٌ;جميل;jamīlun;schön;adjectives;Grundadjektive;adjective;;;;;;;core;A1;2;2;adjectives|fusha|a1;draft;جَمِيلٌ;جميل;;;;neutral;true;
adjective_easy;سَهْلٌ;سهل;sahlun;einfach;adjectives;Grundadjektive;adjective;;;;;;;core;A1;2;2;adjectives|fusha|a1;draft;سَهْلٌ;سهل;;;;neutral;true;
adjective_difficult;صَعْبٌ;صعب;ṣaʿbun;schwierig;adjectives;Grundadjektive;adjective;;;;;;;core;A1;2;2;adjectives|fusha|a1;draft;صَعْبٌ;صعب;;;;neutral;true;
adjective_fast;سَرِيعٌ;سريع;sarīʿun;schnell;adjectives;Grundadjektive;adjective;;;;;;;core;A1;2;2;adjectives|fusha|a1;draft;سَرِيعٌ;سريع;;;;neutral;true;
verb_eat;أَكَلَ;أكل;akala;er aß;verbs;Grundverben;verb;;;;;;;common;A2;3;3;verbs|fusha|a2;draft;أَكَلَ;أكل;;;;neutral;true;
verb_drink;شَرِبَ;شرب;šariba;er trank;verbs;Grundverben;verb;;;;;;;common;A2;3;3;verbs|fusha|a2;draft;شَرِبَ;شرب;;;;neutral;true;
verb_open;فَتَحَ;فتح;fataḥa;er öffnete;verbs;Grundverben;verb;;;;;;;common;A2;3;3;verbs|fusha|a2;draft;فَتَحَ;فتح;;;;neutral;true;
verb_close;أَغْلَقَ;أغلق;aghlaqa;er schloss;verbs;Grundverben;verb;;;;;;;common;A2;3;3;verbs|fusha|a2;draft;أَغْلَقَ;أغلق;;;;neutral;true;
verb_sit;جَلَسَ;جلس;jalasa;er saß;verbs;Grundverben;verb;;;;;;;common;A2;3;3;verbs|fusha|a2;draft;جَلَسَ;جلس;;;;neutral;true;
verb_stand;وَقَفَ;وقف;waqafa;er stand;verbs;Grundverben;verb;;;;;;;common;A2;3;3;verbs|fusha|a2;draft;وَقَفَ;وقف;;;;neutral;true;
verb_sleep;نَامَ;نام;nāma;er schlief;verbs;Grundverben;verb;;;;;;;common;A2;3;3;verbs|fusha|a2;draft;نَامَ;نام;;;;neutral;true;
verb_wake;اِسْتَيْقَظَ;استيقظ;istayqaẓa;er wachte auf;verbs;Grundverben;verb;;;;;;;common;A2;3;3;verbs|fusha|a2;draft;اِسْتَيْقَظَ;استيقظ;;;;neutral;true;
verb_work;عَمِلَ;عمل;ʿamila;er arbeitete;verbs;Grundverben;verb;;;;;;;common;A2;3;3;verbs|fusha|a2;draft;عَمِلَ;عمل;;;;neutral;true;
verb_study;دَرَسَ;درس;darasa;er lernte / studierte;verbs;Grundverben;verb;;;;;;;common;A2;3;3;verbs|fusha|a2;draft;دَرَسَ;درس;;;;neutral;true;
verb_speak;تَكَلَّمَ;تكلم;takallama;er sprach;verbs;Grundverben;verb;;;;;;;common;A2;3;3;verbs|fusha|a2;draft;تَكَلَّمَ;تكلم;;;;neutral;true;
verb_listen;اِسْتَمَعَ;استمع;istamaʿa;er hörte zu;verbs;Grundverben;verb;;;;;;;common;A2;3;3;verbs|fusha|a2;draft;اِسْتَمَعَ;استمع;;;;neutral;true;
verb_understand;فَهِمَ;فهم;fahima;er verstand;verbs;Grundverben;verb;;;;;;;common;A2;3;3;verbs|fusha|a2;draft;فَهِمَ;فهم;;;;neutral;true;
verb_know;عَرَفَ;عرف;ʿarafa;er wusste / kannte;verbs;Grundverben;verb;;;;;;;common;A2;3;3;verbs|fusha|a2;draft;عَرَفَ;عرف;;;;neutral;true;
verb_want;أَرَادَ;أراد;arāda;er wollte;verbs;Grundverben;verb;;;;;;;common;A2;3;3;verbs|fusha|a2;draft;أَرَادَ;أراد;;;;neutral;true;
verb_need;اِحْتَاجَ;احتاج;iḥtāja;er brauchte;verbs;Grundverben;verb;;;;;;;common;A2;3;3;verbs|fusha|a2;draft;اِحْتَاجَ;احتاج;;;;neutral;true;
verb_love;أَحَبَّ;أحب;aḥabba;er liebte;verbs;Grundverben;verb;;;;;;;common;A2;3;3;verbs|fusha|a2;draft;أَحَبَّ;أحب;;;;neutral;true;
verb_live;سَكَنَ;سكن;sakana;er wohnte;verbs;Grundverben;verb;;;;;;;common;A2;3;3;verbs|fusha|a2;draft;سَكَنَ;سكن;;;;neutral;true;
verb_buy;اِشْتَرَى;اشترى;ištarā;er kaufte;verbs;Grundverben;verb;;;;;;;common;A2;3;3;verbs|fusha|a2;draft;اِشْتَرَى;اشترى;;;;neutral;true;
verb_sell;بَاعَ;باع;bāʿa;er verkaufte;verbs;Grundverben;verb;;;;;;;common;A2;3;3;verbs|fusha|a2;draft;بَاعَ;باع;;;;neutral;true;
place_city;مَدِينَةٌ;مدينة;madīnatun;Stadt;places;Orte & Unterwegs;noun;feminine;;;;;;common;A2;3;3;places|fusha|a2;draft;مَدِينَةٌ;مدينة;;;;neutral;true;
place_village;قَرْيَةٌ;قرية;qaryatun;Dorf;places;Orte & Unterwegs;noun;feminine;;;;;;common;A2;3;3;places|fusha|a2;draft;قَرْيَةٌ;قرية;;;;neutral;true;
place_airport;مَطَارٌ;مطار;maṭārun;Flughafen;places;Orte & Unterwegs;noun;masculine;;;;;;common;A2;3;3;places|fusha|a2;draft;مَطَارٌ;مطار;;;;neutral;true;
place_station;مَحَطَّةٌ;محطة;maḥaṭṭatun;Bahnhof / Station;places;Orte & Unterwegs;noun;feminine;;;;;;common;A2;3;3;places|fusha|a2;draft;مَحَطَّةٌ;محطة;;;;neutral;true;
place_hotel;فُنْدُقٌ;فندق;funduqun;Hotel;places;Orte & Unterwegs;noun;masculine;;;;;;common;A2;3;3;places|fusha|a2;draft;فُنْدُقٌ;فندق;;;;neutral;true;
place_restaurant;مَطْعَمٌ;مطعم;maṭʿamun;Restaurant;places;Orte & Unterwegs;noun;masculine;;;;;;common;A2;3;3;places|fusha|a2;draft;مَطْعَمٌ;مطعم;;;;neutral;true;
place_hospital;مُسْتَشْفًى;مستشفى;mustašfan;Krankenhaus;places;Orte & Unterwegs;noun;masculine;;;;;;common;A2;3;3;places|fusha|a2;draft;مُسْتَشْفًى;مستشفى;;;;neutral;true;
place_library;مَكْتَبَةٌ;مكتبة;maktabatun;Bibliothek;places;Orte & Unterwegs;noun;feminine;;;;;;common;A2;3;3;places|fusha|a2;draft;مَكْتَبَةٌ;مكتبة;;;;neutral;true;
place_bank;مَصْرِفٌ;مصرف;maṣrifun;Bank;places;Orte & Unterwegs;noun;masculine;;;;;;common;A2;3;3;places|fusha|a2;draft;مَصْرِفٌ;مصرف;;;;neutral;true;
travel_car;سَيَّارَةٌ;سيارة;sayyāratun;Auto;travel;Reisen & Verkehr;noun;feminine;;;;;;common;A2;3;3;travel|fusha|a2;draft;سَيَّارَةٌ;سيارة;;;;neutral;true;
travel_train;قِطَارٌ;قطار;qiṭārun;Zug;travel;Reisen & Verkehr;noun;masculine;;;;;;common;A2;3;3;travel|fusha|a2;draft;قِطَارٌ;قطار;;;;neutral;true;
travel_ticket;تَذْكِرَةٌ;تذكرة;taḏkiratun;Fahrkarte / Ticket;travel;Reisen & Verkehr;noun;feminine;;;;;;common;A2;3;3;travel|fusha|a2;draft;تَذْكِرَةٌ;تذكرة;;;;neutral;true;
body_head;رَأْسٌ;رأس;raʾsun;Kopf;health;Körper & Gesundheit;noun;masculine;;;;;;common;A2;3;3;health|fusha|a2;draft;رَأْسٌ;رأس;;;;neutral;true;
body_eye;عَيْنٌ;عين;ʿaynun;Auge;health;Körper & Gesundheit;noun;feminine;;;;;;common;A2;3;3;health|fusha|a2;draft;عَيْنٌ;عين;;;;neutral;true;
body_ear;أُذُنٌ;أذن;uḏunun;Ohr;health;Körper & Gesundheit;noun;feminine;;;;;;common;A2;3;3;health|fusha|a2;draft;أُذُنٌ;أذن;;;;neutral;true;
body_hand;يَدٌ;يد;yadun;Hand;health;Körper & Gesundheit;noun;feminine;;;;;;common;A2;3;3;health|fusha|a2;draft;يَدٌ;يد;;;;neutral;true;
body_foot;قَدَمٌ;قدم;qadamun;Fuß;health;Körper & Gesundheit;noun;feminine;;;;;;common;A2;3;3;health|fusha|a2;draft;قَدَمٌ;قدم;;;;neutral;true;
body_heart;قَلْبٌ;قلب;qalbun;Herz;health;Körper & Gesundheit;noun;masculine;;;;;;common;A2;3;3;health|fusha|a2;draft;قَلْبٌ;قلب;;;;neutral;true;
health_doctor;طَبِيبٌ;طبيب;ṭabībun;Arzt;health;Körper & Gesundheit;noun;masculine;;;;;;common;A2;3;3;health|fusha|a2;draft;طَبِيبٌ;طبيب;;;;neutral;true;
health_medicine;دَوَاءٌ;دواء;dawāʾun;Medikament;health;Körper & Gesundheit;noun;masculine;;;;;;common;A2;3;3;health|fusha|a2;draft;دَوَاءٌ;دواء;;;;neutral;true;
health_pain;أَلَمٌ;ألم;alamun;Schmerz;health;Körper & Gesundheit;noun;masculine;;;;;;common;A2;3;3;health|fusha|a2;draft;أَلَمٌ;ألم;;;;neutral;true;
health_healthy;سَلِيمٌ;سليم;salīmun;gesund;health;Körper & Gesundheit;adjective;;;;;;;common;A2;3;3;health|fusha|a2;draft;سَلِيمٌ;سليم;;;;neutral;true;
health_sick;مَرِيضٌ;مريض;marīḍun;krank;health;Körper & Gesundheit;adjective;;;;;;;common;A2;3;3;health|fusha|a2;draft;مَرِيضٌ;مريض;;;;neutral;true;
health_appointment;مَوْعِدٌ;موعد;mawʿidun;Termin;health;Körper & Gesundheit;noun;masculine;;;;;;common;A2;3;3;health|fusha|a2;draft;مَوْعِدٌ;موعد;;;;neutral;true;
nature_sun;شَمْسٌ;شمس;šamsun;Sonne;nature;Natur & Wetter;noun;feminine;;;;;;common;A2;3;3;nature|fusha|a2;draft;شَمْسٌ;شمس;;;;neutral;true;
nature_moon;قَمَرٌ;قمر;qamarun;Mond;nature;Natur & Wetter;noun;masculine;;;;;;common;A2;3;3;nature|fusha|a2;draft;قَمَرٌ;قمر;;;;neutral;true;
nature_sky;سَمَاءٌ;سماء;samāʾun;Himmel;nature;Natur & Wetter;noun;feminine;;;;;;common;A2;3;3;nature|fusha|a2;draft;سَمَاءٌ;سماء;;;;neutral;true;
nature_earth;أَرْضٌ;أرض;arḍun;Erde / Land;nature;Natur & Wetter;noun;feminine;;;;;;common;A2;3;3;nature|fusha|a2;draft;أَرْضٌ;أرض;;;;neutral;true;
nature_sea;بَحْرٌ;بحر;baḥrun;Meer;nature;Natur & Wetter;noun;masculine;;;;;;common;A2;3;3;nature|fusha|a2;draft;بَحْرٌ;بحر;;;;neutral;true;
nature_river;نَهْرٌ;نهر;nahrun;Fluss;nature;Natur & Wetter;noun;masculine;;;;;;common;A2;3;3;nature|fusha|a2;draft;نَهْرٌ;نهر;;;;neutral;true;
nature_mountain;جَبَلٌ;جبل;jabalun;Berg;nature;Natur & Wetter;noun;masculine;;;;;;common;A2;3;3;nature|fusha|a2;draft;جَبَلٌ;جبل;;;;neutral;true;
nature_tree;شَجَرَةٌ;شجرة;šajaratun;Baum;nature;Natur & Wetter;noun;feminine;;;;;;common;A2;3;3;nature|fusha|a2;draft;شَجَرَةٌ;شجرة;;;;neutral;true;
weather_rain;مَطَرٌ;مطر;maṭarun;Regen;nature;Natur & Wetter;noun;masculine;;;;;;common;A2;3;3;nature|fusha|a2;draft;مَطَرٌ;مطر;;;;neutral;true;
weather_wind;رِيحٌ;ريح;rīḥun;Wind;nature;Natur & Wetter;noun;feminine;;;;;;common;A2;3;3;nature|fusha|a2;draft;رِيحٌ;ريح;;;;neutral;true;
weather_hot;حَارٌّ;حار;ḥārrun;heiß;nature;Natur & Wetter;adjective;;;;;;;common;A2;3;3;nature|fusha|a2;draft;حَارٌّ;حار;;;;neutral;true;
weather_cold;بَارِدٌ;بارد;bāridun;kalt;nature;Natur & Wetter;adjective;;;;;;;common;A2;3;3;nature|fusha|a2;draft;بَارِدٌ;بارد;;;;neutral;true;
work_job;وَظِيفَةٌ;وظيفة;waẓīfatun;Arbeitsstelle;work;Arbeit & Beruf;noun;feminine;;;;;;common;B1;4;4;work|fusha|b1;draft;وَظِيفَةٌ;وظيفة;;;;neutral;true;
work_company;شَرِكَةٌ;شركة;šarikatun;Unternehmen;work;Arbeit & Beruf;noun;feminine;;;;;;common;B1;4;4;work|fusha|b1;draft;شَرِكَةٌ;شركة;;;;neutral;true;
work_manager;مُدِيرٌ;مدير;mudīrun;Leiter / Manager;work;Arbeit & Beruf;noun;masculine;;;;;;common;B1;4;4;work|fusha|b1;draft;مُدِيرٌ;مدير;;;;neutral;true;
work_employee;مُوَظَّفٌ;موظف;muwaẓẓafun;Angestellter;work;Arbeit & Beruf;noun;masculine;;;;;;common;B1;4;4;work|fusha|b1;draft;مُوَظَّفٌ;موظف;;;;neutral;true;
work_meeting;اِجْتِمَاعٌ;اجتماع;ijtimāʿun;Besprechung;work;Arbeit & Beruf;noun;masculine;;;;;;common;B1;4;4;work|fusha|b1;draft;اِجْتِمَاعٌ;اجتماع;;;;neutral;true;
work_project;مَشْرُوعٌ;مشروع;mašrūʿun;Projekt;work;Arbeit & Beruf;noun;masculine;;;;;;common;B1;4;4;work|fusha|b1;draft;مَشْرُوعٌ;مشروع;;;;neutral;true;
work_experience;خِبْرَةٌ;خبرة;khibratun;Erfahrung;work;Arbeit & Beruf;noun;feminine;;;;;;common;B1;4;4;work|fusha|b1;draft;خِبْرَةٌ;خبرة;;;;neutral;true;
work_skill;مَهَارَةٌ;مهارة;mahāratun;Fähigkeit;work;Arbeit & Beruf;noun;feminine;;;;;;common;B1;4;4;work|fusha|b1;draft;مَهَارَةٌ;مهارة;;;;neutral;true;
work_responsibility;مَسْؤُولِيَّةٌ;مسؤولية;masʾūliyyatun;Verantwortung;work;Arbeit & Beruf;noun;feminine;;;;;;common;B1;4;4;work|fusha|b1;draft;مَسْؤُولِيَّةٌ;مسؤولية;;;;neutral;true;
work_decision;قَرَارٌ;قرار;qarārun;Entscheidung;work;Arbeit & Beruf;noun;masculine;;;;;;common;B1;4;4;work|fusha|b1;draft;قَرَارٌ;قرار;;;;neutral;true;
media_news;أَخْبَارٌ;أخبار;akhbārun;Nachrichten;media;Medien & Kommunikation;noun;feminine;;;;;;common;B1;4;4;media|fusha|b1;draft;أَخْبَارٌ;أخبار;;;;neutral;true;
media_newspaper;صَحِيفَةٌ;صحيفة;ṣaḥīfatun;Zeitung;media;Medien & Kommunikation;noun;feminine;;;;;;common;B1;4;4;media|fusha|b1;draft;صَحِيفَةٌ;صحيفة;;;;neutral;true;
media_television;تِلْفَازٌ;تلفاز;tilfāzun;Fernsehen / Fernseher;media;Medien & Kommunikation;noun;masculine;;;;;;common;B1;4;4;media|fusha|b1;draft;تِلْفَازٌ;تلفاز;;;;neutral;true;
media_internet;إِنْتَرْنِتٌ;إنترنت;intarnitun;Internet;media;Medien & Kommunikation;noun;masculine;;;;;;common;B1;4;4;media|fusha|b1;draft;إِنْتَرْنِتٌ;إنترنت;;;;neutral;true;
media_message;رِسَالَةٌ;رسالة;risālatun;Nachricht / Brief;media;Medien & Kommunikation;noun;feminine;;;;;;common;B1;4;4;media|fusha|b1;draft;رِسَالَةٌ;رسالة;;;;neutral;true;
verb_begin;بَدَأَ;بدأ;badaʾa;er begann;verbs_advanced;Erweiterte Verben;verb;;;;;;;common;B1;4;4;verbs_advanced|fusha|b1;draft;بَدَأَ;بدأ;;;;neutral;true;
verb_finish;أَنْهَى;أنهى;anhā;er beendete;verbs_advanced;Erweiterte Verben;verb;;;;;;;common;B1;4;4;verbs_advanced|fusha|b1;draft;أَنْهَى;أنهى;;;;neutral;true;
verb_continue;اِسْتَمَرَّ;استمر;istamarra;er setzte fort;verbs_advanced;Erweiterte Verben;verb;;;;;;;common;B1;4;4;verbs_advanced|fusha|b1;draft;اِسْتَمَرَّ;استمر;;;;neutral;true;
verb_change;غَيَّرَ;غير;ghayyara;er veränderte;verbs_advanced;Erweiterte Verben;verb;;;;;;;common;B1;4;4;verbs_advanced|fusha|b1;draft;غَيَّرَ;غير;;;;neutral;true;
verb_explain;شَرَحَ;شرح;šaraḥa;er erklärte;verbs_advanced;Erweiterte Verben;verb;;;;;;;common;B1;4;4;verbs_advanced|fusha|b1;draft;شَرَحَ;شرح;;;;neutral;true;
verb_describe;وَصَفَ;وصف;waṣafa;er beschrieb;verbs_advanced;Erweiterte Verben;verb;;;;;;;common;B1;4;4;verbs_advanced|fusha|b1;draft;وَصَفَ;وصف;;;;neutral;true;
verb_compare;قَارَنَ;قارن;qārana;er verglich;verbs_advanced;Erweiterte Verben;verb;;;;;;;common;B1;4;4;verbs_advanced|fusha|b1;draft;قَارَنَ;قارن;;;;neutral;true;
verb_choose;اِخْتَارَ;اختار;ikhtāra;er wählte;verbs_advanced;Erweiterte Verben;verb;;;;;;;common;B1;4;4;verbs_advanced|fusha|b1;draft;اِخْتَارَ;اختار;;;;neutral;true;
verb_happen;حَدَثَ;حدث;ḥadaṯa;es geschah;verbs_advanced;Erweiterte Verben;verb;;;;;;;common;B1;4;4;verbs_advanced|fusha|b1;draft;حَدَثَ;حدث;;;;neutral;true;
verb_improve;حَسَّنَ;حسن;ḥassana;er verbesserte;verbs_advanced;Erweiterte Verben;verb;;;;;;;common;B1;4;4;verbs_advanced|fusha|b1;draft;حَسَّنَ;حسن;;;;neutral;true;
verb_develop;طَوَّرَ;طور;ṭawwara;er entwickelte;verbs_advanced;Erweiterte Verben;verb;;;;;;;common;B1;4;4;verbs_advanced|fusha|b1;draft;طَوَّرَ;طور;;;;neutral;true;
verb_achieve;حَقَّقَ;حقق;ḥaqqaqa;er erreichte;verbs_advanced;Erweiterte Verben;verb;;;;;;;common;B1;4;4;verbs_advanced|fusha|b1;draft;حَقَّقَ;حقق;;;;neutral;true;
verb_allow;سَمَحَ;سمح;samaḥa;er erlaubte;verbs_advanced;Erweiterte Verben;verb;;;;;;;common;B1;4;4;verbs_advanced|fusha|b1;draft;سَمَحَ;سمح;;;;neutral;true;
verb_prevent;مَنَعَ;منع;manaʿa;er verhinderte;verbs_advanced;Erweiterte Verben;verb;;;;;;;common;B1;4;4;verbs_advanced|fusha|b1;draft;مَنَعَ;منع;;;;neutral;true;
verb_suggest;اِقْتَرَحَ;اقترح;iqtaraḥa;er schlug vor;verbs_advanced;Erweiterte Verben;verb;;;;;;;common;B1;4;4;verbs_advanced|fusha|b1;draft;اِقْتَرَحَ;اقترح;;;;neutral;true;
abstract_opinion;رَأْيٌ;رأي;raʾyun;Meinung;abstract;Abstrakte Grundbegriffe;noun;masculine;;;;;;common;B1;4;4;abstract|fusha|b1;draft;رَأْيٌ;رأي;;;;neutral;true;
abstract_reason;سَبَبٌ;سبب;sababun;Grund / Ursache;abstract;Abstrakte Grundbegriffe;noun;masculine;;;;;;common;B1;4;4;abstract|fusha|b1;draft;سَبَبٌ;سبب;;;;neutral;true;
abstract_result;نَتِيجَةٌ;نتيجة;natījatun;Ergebnis;abstract;Abstrakte Grundbegriffe;noun;feminine;;;;;;common;B1;4;4;abstract|fusha|b1;draft;نَتِيجَةٌ;نتيجة;;;;neutral;true;
abstract_problem;مُشْكِلَةٌ;مشكلة;muškilatun;Problem;abstract;Abstrakte Grundbegriffe;noun;feminine;;;;;;common;B1;4;4;abstract|fusha|b1;draft;مُشْكِلَةٌ;مشكلة;;;;neutral;true;
abstract_solution;حَلٌّ;حل;ḥallun;Lösung;abstract;Abstrakte Grundbegriffe;noun;masculine;;;;;;common;B1;4;4;abstract|fusha|b1;draft;حَلٌّ;حل;;;;neutral;true;
abstract_example;مِثَالٌ;مثال;miṯālun;Beispiel;abstract;Abstrakte Grundbegriffe;noun;masculine;;;;;;common;B1;4;4;abstract|fusha|b1;draft;مِثَالٌ;مثال;;;;neutral;true;
abstract_goal;هَدَفٌ;هدف;hadafun;Ziel;abstract;Abstrakte Grundbegriffe;noun;masculine;;;;;;common;B1;4;4;abstract|fusha|b1;draft;هَدَفٌ;هدف;;;;neutral;true;
abstract_relationship;عَلَاقَةٌ;علاقة;ʿalāqatun;Beziehung;abstract;Abstrakte Grundbegriffe;noun;feminine;;;;;;common;B1;4;4;abstract|fusha|b1;draft;عَلَاقَةٌ;علاقة;;;;neutral;true;
culture_culture;ثَقَافَةٌ;ثقافة;ṯaqāfatun;Kultur;culture;Kultur & Gesellschaft;noun;feminine;;;;;;common;B1;4;4;culture|fusha|b1;draft;ثَقَافَةٌ;ثقافة;;;;neutral;true;
culture_tradition;تَقْلِيدٌ;تقليد;taqlīdun;Tradition;culture;Kultur & Gesellschaft;noun;masculine;;;;;;common;B1;4;4;culture|fusha|b1;draft;تَقْلِيدٌ;تقليد;;;;neutral;true;
adjective_important;مُهِمٌّ;مهم;muhimmun;wichtig;adjectives_advanced;Erweiterte Adjektive;adjective;;;;;;;common;B1;4;4;adjectives_advanced|fusha|b1;draft;مُهِمٌّ;مهم;;;;neutral;true;
adjective_possible;مُمْكِنٌ;ممكن;mumkinun;möglich;adjectives_advanced;Erweiterte Adjektive;adjective;;;;;;;common;B1;4;4;adjectives_advanced|fusha|b1;draft;مُمْكِنٌ;ممكن;;;;neutral;true;
adjective_necessary;ضَرُورِيٌّ;ضروري;ḍarūriyyun;notwendig;adjectives_advanced;Erweiterte Adjektive;adjective;;;;;;;common;B1;4;4;adjectives_advanced|fusha|b1;draft;ضَرُورِيٌّ;ضروري;;;;neutral;true;
adjective_different;مُخْتَلِفٌ;مختلف;mukhtalifun;unterschiedlich;adjectives_advanced;Erweiterte Adjektive;adjective;;;;;;;common;B1;4;4;adjectives_advanced|fusha|b1;draft;مُخْتَلِفٌ;مختلف;;;;neutral;true;
adjective_similar;مُتَشَابِهٌ;متشابه;mutašābihun;ähnlich;adjectives_advanced;Erweiterte Adjektive;adjective;;;;;;;common;B1;4;4;adjectives_advanced|fusha|b1;draft;مُتَشَابِهٌ;متشابه;;;;neutral;true;
politics_government;حُكُومَةٌ;حكومة;ḥukūmatun;Regierung;politics;Politik & Recht;noun;feminine;;;;;;extended;B2;5;5;politics|fusha|b2;draft;حُكُومَةٌ;حكومة;;;;neutral;true;
politics_state;دَوْلَةٌ;دولة;dawlatun;Staat;politics;Politik & Recht;noun;feminine;;;;;;extended;B2;5;5;politics|fusha|b2;draft;دَوْلَةٌ;دولة;;;;neutral;true;
politics_society;مُجْتَمَعٌ;مجتمع;mujtamaʿun;Gesellschaft;politics;Politik & Recht;noun;masculine;;;;;;extended;B2;5;5;politics|fusha|b2;draft;مُجْتَمَعٌ;مجتمع;;;;neutral;true;
law_law;قَانُونٌ;قانون;qānūnun;Gesetz / Recht;politics;Politik & Recht;noun;masculine;;;;;;extended;B2;5;5;politics|fusha|b2;draft;قَانُونٌ;قانون;;;;neutral;true;
law_rights;حُقُوقٌ;حقوق;ḥuqūqun;Rechte;politics;Politik & Recht;noun;feminine;;;;;;extended;B2;5;5;politics|fusha|b2;draft;حُقُوقٌ;حقوق;;;;neutral;true;
law_freedom;حُرِّيَّةٌ;حرية;ḥurriyyatun;Freiheit;politics;Politik & Recht;noun;feminine;;;;;;extended;B2;5;5;politics|fusha|b2;draft;حُرِّيَّةٌ;حرية;;;;neutral;true;
law_justice;عَدَالَةٌ;عدالة;ʿadālatun;Gerechtigkeit;politics;Politik & Recht;noun;feminine;;;;;;extended;B2;5;5;politics|fusha|b2;draft;عَدَالَةٌ;عدالة;;;;neutral;true;
politics_elections;اِنْتِخَابَاتٌ;انتخابات;intikhābātun;Wahlen;politics;Politik & Recht;noun;feminine;;;;;;extended;B2;5;5;politics|fusha|b2;draft;اِنْتِخَابَاتٌ;انتخابات;;;;neutral;true;
politics_parliament;بَرْلَمَانٌ;برلمان;barlamānun;Parlament;politics;Politik & Recht;noun;masculine;;;;;;extended;B2;5;5;politics|fusha|b2;draft;بَرْلَمَانٌ;برلمان;;;;neutral;true;
economy_economy;اِقْتِصَادٌ;اقتصاد;iqtiṣādun;Wirtschaft;economy;Wirtschaft;noun;masculine;;;;;;extended;B2;5;5;economy|fusha|b2;draft;اِقْتِصَادٌ;اقتصاد;;;;neutral;true;
economy_growth;نُمُوٌّ;نمو;numuwwun;Wachstum;economy;Wirtschaft;noun;masculine;;;;;;extended;B2;5;5;economy|fusha|b2;draft;نُمُوٌّ;نمو;;;;neutral;true;
economy_price;سِعْرٌ;سعر;siʿrun;Preis;economy;Wirtschaft;noun;masculine;;;;;;extended;B2;5;5;economy|fusha|b2;draft;سِعْرٌ;سعر;;;;neutral;true;
economy_income;دَخْلٌ;دخل;dakhlun;Einkommen;economy;Wirtschaft;noun;masculine;;;;;;extended;B2;5;5;economy|fusha|b2;draft;دَخْلٌ;دخل;;;;neutral;true;
economy_investment;اِسْتِثْمَارٌ;استثمار;istiṯmārun;Investition;economy;Wirtschaft;noun;masculine;;;;;;extended;B2;5;5;economy|fusha|b2;draft;اِسْتِثْمَارٌ;استثمار;;;;neutral;true;
politics_agreement;اِتِّفَاقٌ;اتفاق;ittifāqun;Vereinbarung;politics;Politik & Recht;noun;masculine;;;;;;extended;B2;5;5;politics|fusha|b2;draft;اِتِّفَاقٌ;اتفاق;;;;neutral;true;
science_environment;بِيئَةٌ;بيئة;bīʾatun;Umwelt;science;Wissenschaft & Umwelt;noun;feminine;;;;;;extended;B2;5;5;science|fusha|b2;draft;بِيئَةٌ;بيئة;;;;neutral;true;
science_climate;مُنَاخٌ;مناخ;munākhun;Klima;science;Wissenschaft & Umwelt;noun;masculine;;;;;;extended;B2;5;5;science|fusha|b2;draft;مُنَاخٌ;مناخ;;;;neutral;true;
science_energy;طَاقَةٌ;طاقة;ṭāqatun;Energie;science;Wissenschaft & Umwelt;noun;feminine;;;;;;extended;B2;5;5;science|fusha|b2;draft;طَاقَةٌ;طاقة;;;;neutral;true;
science_research;بَحْثٌ;بحث;baḥṯun;Forschung;science;Wissenschaft & Umwelt;noun;masculine;;;;;;extended;B2;5;5;science|fusha|b2;draft;بَحْثٌ;بحث;;;;neutral;true;
science_data;بَيَانَاتٌ;بيانات;bayānātun;Daten;science;Wissenschaft & Umwelt;noun;feminine;;;;;;extended;B2;5;5;science|fusha|b2;draft;بَيَانَاتٌ;بيانات;;;;neutral;true;
science_analysis;تَحْلِيلٌ;تحليل;taḥlīlun;Analyse;science;Wissenschaft & Umwelt;noun;masculine;;;;;;extended;B2;5;5;science|fusha|b2;draft;تَحْلِيلٌ;تحليل;;;;neutral;true;
science_method;مَنْهَجٌ;منهج;manhajun;Methode / Ansatz;science;Wissenschaft & Umwelt;noun;masculine;;;;;;extended;B2;5;5;science|fusha|b2;draft;مَنْهَجٌ;منهج;;;;neutral;true;
science_technology;تِقْنِيَّةٌ;تقنية;tiqniyyatun;Technologie;science;Wissenschaft & Umwelt;noun;feminine;;;;;;extended;B2;5;5;science|fusha|b2;draft;تِقْنِيَّةٌ;تقنية;;;;neutral;true;
science_system;نِظَامٌ;نظام;niẓāmun;System;science;Wissenschaft & Umwelt;noun;masculine;;;;;;extended;B2;5;5;science|fusha|b2;draft;نِظَامٌ;نظام;;;;neutral;true;
science_resource;مَوْرِدٌ;مورد;mawridun;Ressource;science;Wissenschaft & Umwelt;noun;masculine;;;;;;extended;B2;5;5;science|fusha|b2;draft;مَوْرِدٌ;مورد;;;;neutral;true;
verb_influence;أَثَّرَ فِي;أثر في;aṯṯara fī;er beeinflusste;verbs_advanced;Erweiterte Verben;verb;;;;;;;extended;B2;5;5;verbs_advanced|fusha|b2;draft;أَثَّرَ فِي;أثر في;;;;neutral;true;
verb_require;تَطَلَّبَ;تطلب;taṭallaba;er erforderte;verbs_advanced;Erweiterte Verben;verb;;;;;;;extended;B2;5;5;verbs_advanced|fusha|b2;draft;تَطَلَّبَ;تطلب;;;;neutral;true;
verb_include;شَمِلَ;شمل;šamila;er umfasste;verbs_advanced;Erweiterte Verben;verb;;;;;;;extended;B2;5;5;verbs_advanced|fusha|b2;draft;شَمِلَ;شمل;;;;neutral;true;
verb_exclude;اِسْتَثْنَى;استثنى;istaṯnā;er schloss aus;verbs_advanced;Erweiterte Verben;verb;;;;;;;extended;B2;5;5;verbs_advanced|fusha|b2;draft;اِسْتَثْنَى;استثنى;;;;neutral;true;
verb_represent;مَثَّلَ;مثل;maṯṯala;er stellte dar;verbs_advanced;Erweiterte Verben;verb;;;;;;;extended;B2;5;5;verbs_advanced|fusha|b2;draft;مَثَّلَ;مثل;;;;neutral;true;
verb_evaluate;قَيَّمَ;قيم;qayyama;er bewertete;verbs_advanced;Erweiterte Verben;verb;;;;;;;extended;B2;5;5;verbs_advanced|fusha|b2;draft;قَيَّمَ;قيم;;;;neutral;true;
verb_criticize;اِنْتَقَدَ;انتقد;intaqada;er kritisierte;verbs_advanced;Erweiterte Verben;verb;;;;;;;extended;B2;5;5;verbs_advanced|fusha|b2;draft;اِنْتَقَدَ;انتقد;;;;neutral;true;
verb_support;دَعَمَ;دعم;daʿama;er unterstützte;verbs_advanced;Erweiterte Verben;verb;;;;;;;extended;B2;5;5;verbs_advanced|fusha|b2;draft;دَعَمَ;دعم;;;;neutral;true;
adjective_complex;مُعَقَّدٌ;معقد;muʿaqqadun;komplex;adjectives_advanced;Erweiterte Adjektive;adjective;;;;;;;extended;B2;5;5;adjectives_advanced|fusha|b2;draft;مُعَقَّدٌ;معقد;;;;neutral;true;
adjective_effective;فَعَّالٌ;فعال;faʿʿālun;wirksam;adjectives_advanced;Erweiterte Adjektive;adjective;;;;;;;extended;B2;5;5;adjectives_advanced|fusha|b2;draft;فَعَّالٌ;فعال;;;;neutral;true;
academic_concept;مَفْهُومٌ;مفهوم;mafhūmun;Begriff / Konzept;academic;Wissenschaftssprache;noun;masculine;;;;;;extended;C1;6;6;academic|fusha|c1;draft;مَفْهُومٌ;مفهوم;;;;academic;false;
academic_hypothesis;فَرَضِيَّةٌ;فرضية;faraḍiyyatun;Hypothese;academic;Wissenschaftssprache;noun;feminine;;;;;;extended;C1;6;6;academic|fusha|c1;draft;فَرَضِيَّةٌ;فرضية;;;;academic;false;
academic_evidence;دَلِيلٌ;دليل;dalīlun;Beleg / Evidenz;academic;Wissenschaftssprache;noun;masculine;;;;;;extended;C1;6;6;academic|fusha|c1;draft;دَلِيلٌ;دليل;;;;academic;false;
academic_perspective;مَنْظُورٌ;منظور;manẓūrun;Perspektive;academic;Wissenschaftssprache;noun;masculine;;;;;;extended;C1;6;6;academic|fusha|c1;draft;مَنْظُورٌ;منظور;;;;academic;false;
academic_context;سِيَاقٌ;سياق;siyāqun;Kontext;academic;Wissenschaftssprache;noun;masculine;;;;;;extended;C1;6;6;academic|fusha|c1;draft;سِيَاقٌ;سياق;;;;academic;false;
academic_phenomenon;ظَاهِرَةٌ;ظاهرة;ẓāhiratun;Phänomen;academic;Wissenschaftssprache;noun;feminine;;;;;;extended;C1;6;6;academic|fusha|c1;draft;ظَاهِرَةٌ;ظاهرة;;;;academic;false;
academic_structure;بِنْيَةٌ;بنية;binyatun;Struktur;academic;Wissenschaftssprache;noun;feminine;;;;;;extended;C1;6;6;academic|fusha|c1;draft;بِنْيَةٌ;بنية;;;;academic;false;
academic_process;عَمَلِيَّةٌ;عملية;ʿamaliyyatun;Prozess;academic;Wissenschaftssprache;noun;feminine;;;;;;extended;C1;6;6;academic|fusha|c1;draft;عَمَلِيَّةٌ;عملية;;;;academic;false;
academic_strategy;اِسْتِرَاتِيجِيَّةٌ;استراتيجية;istrātījiyyatun;Strategie;academic;Wissenschaftssprache;noun;feminine;;;;;;extended;C1;6;6;academic|fusha|c1;draft;اِسْتِرَاتِيجِيَّةٌ;استراتيجية;;;;academic;false;
academic_criterion;مِعْيَارٌ;معيار;miʿyārun;Kriterium;academic;Wissenschaftssprache;noun;masculine;;;;;;extended;C1;6;6;academic|fusha|c1;draft;مِعْيَارٌ;معيار;;;;academic;false;
academic_consequence;عَاقِبَةٌ;عاقبة;ʿāqibatun;Folge / Konsequenz;academic;Wissenschaftssprache;noun;feminine;;;;;;extended;C1;6;6;academic|fusha|c1;draft;عَاقِبَةٌ;عاقبة;;;;academic;false;
academic_interpretation;تَفْسِيرٌ;تفسير;tafsīrun;Interpretation;academic;Wissenschaftssprache;noun;masculine;;;;;;extended;C1;6;6;academic|fusha|c1;draft;تَفْسِيرٌ;تفسير;;;;academic;false;
academic_assumption;اِفْتِرَاضٌ;افتراض;iftirāḍun;Annahme;academic;Wissenschaftssprache;noun;masculine;;;;;;extended;C1;6;6;academic|fusha|c1;draft;اِفْتِرَاضٌ;افتراض;;;;academic;false;
academic_argument;حُجَّةٌ;حجة;ḥujjatun;Argument;academic;Wissenschaftssprache;noun;feminine;;;;;;extended;C1;6;6;academic|fusha|c1;draft;حُجَّةٌ;حجة;;;;academic;false;
academic_discourse;خِطَابٌ;خطاب;khiṭābun;Diskurs;academic;Wissenschaftssprache;noun;masculine;;;;;;extended;C1;6;6;academic|fusha|c1;draft;خِطَابٌ;خطاب;;;;academic;false;
academic_identity;هُوِيَّةٌ;هوية;huwiyyatun;Identität;academic;Wissenschaftssprache;noun;feminine;;;;;;extended;C1;6;6;academic|fusha|c1;draft;هُوِيَّةٌ;هوية;;;;academic;false;
academic_diversity;تَنَوُّعٌ;تنوع;tanawwuʿun;Vielfalt;academic;Wissenschaftssprache;noun;masculine;;;;;;extended;C1;6;6;academic|fusha|c1;draft;تَنَوُّعٌ;تنوع;;;;academic;false;
academic_sustainability;اِسْتِدَامَةٌ;استدامة;istidāmatun;Nachhaltigkeit;academic;Wissenschaftssprache;noun;feminine;;;;;;extended;C1;6;6;academic|fusha|c1;draft;اِسْتِدَامَةٌ;استدامة;;;;academic;false;
academic_innovation;اِبْتِكَارٌ;ابتكار;ibtikārun;Innovation;academic;Wissenschaftssprache;noun;masculine;;;;;;extended;C1;6;6;academic|fusha|c1;draft;اِبْتِكَارٌ;ابتكار;;;;academic;false;
academic_challenge;تَحَدٍّ;تحد;taḥaddin;Herausforderung;academic;Wissenschaftssprache;noun;masculine;;;;;;extended;C1;6;6;academic|fusha|c1;draft;تَحَدٍّ;تحد;;;;academic;false;
rhetoric_ambiguity;غُمُوضٌ;غموض;ghumūḍun;Mehrdeutigkeit / Unklarheit;rhetoric;Rhetorik & Stilistik;noun;masculine;;;;;;advanced;C2;7;7;rhetoric|fusha|c2;draft;غُمُوضٌ;غموض;;;;academic;false;
rhetoric_implication;اِسْتِلْزَامٌ;استلزام;istilzāmun;Implikation;rhetoric;Rhetorik & Stilistik;noun;masculine;;;;;;advanced;C2;7;7;rhetoric|fusha|c2;draft;اِسْتِلْزَامٌ;استلزام;;;;academic;false;
rhetoric_nuance;فَارِقٌ دَقِيقٌ;فارق دقيق;fāriqun daqīqun;feine Nuance;rhetoric;Rhetorik & Stilistik;phrase;;;;;;;advanced;C2;7;7;rhetoric|fusha|c2;draft;فَارِقٌ دَقِيقٌ;فارق دقيق;;;;academic;false;
rhetoric_coherence;تَمَاسُكٌ;تماسك;tamāsukun;Kohärenz;rhetoric;Rhetorik & Stilistik;noun;masculine;;;;;;advanced;C2;7;7;rhetoric|fusha|c2;draft;تَمَاسُكٌ;تماسك;;;;academic;false;
rhetoric_eloquence;بَلَاغَةٌ;بلاغة;balāghatun;Eloquenz / Rhetorik;rhetoric;Rhetorik & Stilistik;noun;feminine;;;;;;advanced;C2;7;7;rhetoric|fusha|c2;draft;بَلَاغَةٌ;بلاغة;;;;academic;false;
rhetoric_metaphor;اِسْتِعَارَةٌ;استعارة;istiʿāratun;Metapher;rhetoric;Rhetorik & Stilistik;noun;feminine;;;;;;advanced;C2;7;7;rhetoric|fusha|c2;draft;اِسْتِعَارَةٌ;استعارة;;;;academic;false;
rhetoric_irony;مُفَارَقَةٌ;مفارقة;mufāraqatun;Ironie / Paradoxie;rhetoric;Rhetorik & Stilistik;noun;feminine;;;;;;advanced;C2;7;7;rhetoric|fusha|c2;draft;مُفَارَقَةٌ;مفارقة;;;;academic;false;
rhetoric_allusion;تَلْمِيحٌ;تلميح;talmīḥun;Anspielung;rhetoric;Rhetorik & Stilistik;noun;masculine;;;;;;advanced;C2;7;7;rhetoric|fusha|c2;draft;تَلْمِيحٌ;تلميح;;;;academic;false;
rhetoric_connotation;إِيحَاءٌ;إيحاء;īḥāʾun;Konnotation;rhetoric;Rhetorik & Stilistik;noun;masculine;;;;;;advanced;C2;7;7;rhetoric|fusha|c2;draft;إِيحَاءٌ;إيحاء;;;;academic;false;
rhetoric_synthesis;تَرْكِيبٌ;تركيب;tarkībun;Synthese;rhetoric;Rhetorik & Stilistik;noun;masculine;;;;;;advanced;C2;7;7;rhetoric|fusha|c2;draft;تَرْكِيبٌ;تركيب;;;;academic;false;
color_red;أَحْمَرُ;أحمر;aḥmaru;rot;colors;Farben;adjective;;;;ح م ر;Für A0 als aktiver bzw. rezeptiver Kernwortschatz vorgesehen.;Wurzel: ح م ر;common;A0;1;1;colors|fusha|a0|curriculum-expansion;draft;أَحْمَرُ;أحمر;;أَحْمَرُ|حَمْرَاءُ;قَلَمٌ أَحْمَرُ|قَمِيصٌ أَحْمَرُ;neutral;true;Bedeutung, Wortfamilie und typische Kollokationen werden kontextbezogen gelernt.
color_blue;أَزْرَقُ;أزرق;azraqu;blau;colors;Farben;adjective;;;;ز ر ق;Für A0 als aktiver bzw. rezeptiver Kernwortschatz vorgesehen.;Wurzel: ز ر ق;common;A0;1;1;colors|fusha|a0|curriculum-expansion;draft;أَزْرَقُ;أزرق;;أَزْرَقُ|زَرْقَاءُ;بَابٌ أَزْرَقُ|قَلَمٌ أَزْرَقُ;neutral;true;Bedeutung, Wortfamilie und typische Kollokationen werden kontextbezogen gelernt.
color_green;أَخْضَرُ;أخضر;akhḍaru;grün;colors;Farben;adjective;;;;خ ض ر;Für A0 als aktiver bzw. rezeptiver Kernwortschatz vorgesehen.;Wurzel: خ ض ر;common;A0;1;1;colors|fusha|a0|curriculum-expansion;draft;أَخْضَرُ;أخضر;;أَخْضَرُ|خَضْرَاءُ;قَمِيصٌ أَخْضَرُ|لَوْنٌ أَخْضَرُ;neutral;true;Bedeutung, Wortfamilie und typische Kollokationen werden kontextbezogen gelernt.
color_white;أَبْيَضُ;أبيض;abyaḍu;weiß;colors;Farben;adjective;;;;ب ي ض;Für A0 als aktiver bzw. rezeptiver Kernwortschatz vorgesehen.;Wurzel: ب ي ض;common;A0;1;1;colors|fusha|a0|curriculum-expansion;draft;أَبْيَضُ;أبيض;;أَبْيَضُ|بَيْضَاءُ;قَمِيصٌ أَبْيَضُ|بَابٌ أَبْيَضُ;neutral;true;Bedeutung, Wortfamilie und typische Kollokationen werden kontextbezogen gelernt.
color_black;أَسْوَدُ;أسود;aswadu;schwarz;colors;Farben;adjective;;;;س و د;Für A0 als aktiver bzw. rezeptiver Kernwortschatz vorgesehen.;Wurzel: س و د;common;A0;1;1;colors|fusha|a0|curriculum-expansion;draft;أَسْوَدُ;أسود;;أَسْوَدُ|سَوْدَاءُ;هَاتِفٌ أَسْوَدُ|قَلَمٌ أَسْوَدُ;neutral;true;Bedeutung, Wortfamilie und typische Kollokationen werden kontextbezogen gelernt.
object_phone;هَاتِفٌ;هاتف;hātifun;Telefon;objects;Gegenstände;noun;;هَوَاتِفُ;هواتف;ه ت ف;Für A0 als aktiver bzw. rezeptiver Kernwortschatz vorgesehen.;Wurzel: ه ت ف;common;A0;1;1;objects|fusha|a0|curriculum-expansion;draft;هَاتِفٌ;هاتف;;هَاتِفٌ|هَوَاتِفُ;هَاتِفٌ مَحْمُولٌ|رَقْمُ الْهَاتِفِ;neutral;true;Bedeutung, Wortfamilie und typische Kollokationen werden kontextbezogen gelernt.
clothing_shirt;قَمِيصٌ;قميص;qamīṣun;Hemd;clothing;Kleidung;noun;masculine;قُمْصَانٌ;قمصان;ق م ص;Für A0 als aktiver bzw. rezeptiver Kernwortschatz vorgesehen.;Wurzel: ق م ص;common;A0;1;1;clothing|fusha|a0|curriculum-expansion;draft;قَمِيصٌ;قميص;;قَمِيصٌ|قُمْصَانٌ;قَمِيصٌ أَبْيَضُ|يَلْبَسُ قَمِيصًا;neutral;true;Bedeutung, Wortfamilie und typische Kollokationen werden kontextbezogen gelernt.
travel_plane;طَائِرَةٌ;طائرة;ṭāʾiratun;Flugzeug;travel;Reise & Orientierung;noun;feminine;طَائِرَاتٌ;طائرات;ط ي ر;Für A1 als aktiver bzw. rezeptiver Kernwortschatz vorgesehen.;Wurzel: ط ي ر;common;A1;2;2;travel|fusha|a1|curriculum-expansion;draft;طَائِرَةٌ;طائرة;;طَائِرَةٌ|طَائِرَاتٌ|طَيَرَانٌ;بِالطَّائِرَةِ|مَطَارُ الطَّائِرَاتِ;neutral;true;Bedeutung, Wortfamilie und typische Kollokationen werden kontextbezogen gelernt.
travel_bus;حَافِلَةٌ;حافلة;ḥāfilatun;Bus;travel;Reise & Orientierung;noun;feminine;حَافِلَاتٌ;حافلات;ح ف ل;Für A1 als aktiver bzw. rezeptiver Kernwortschatz vorgesehen.;Wurzel: ح ف ل;common;A1;2;2;travel|fusha|a1|curriculum-expansion;draft;حَافِلَةٌ;حافلة;;حَافِلَةٌ|حَافِلَاتٌ;مَحَطَّةُ الْحَافِلَةِ|بِالْحَافِلَةِ;neutral;true;Bedeutung, Wortfamilie und typische Kollokationen werden kontextbezogen gelernt.
travel_bicycle;دَرَّاجَةٌ;دراجة;darrājatun;Fahrrad;travel;Reise & Orientierung;noun;feminine;دَرَّاجَاتٌ;دراجات;د ر ج;Für A1 als aktiver bzw. rezeptiver Kernwortschatz vorgesehen.;Wurzel: د ر ج;common;A1;2;2;travel|fusha|a1|curriculum-expansion;draft;دَرَّاجَةٌ;دراجة;;دَرَّاجَةٌ|دَرَّاجَاتٌ;بِالدَّرَّاجَةِ|يَرْكَبُ الدَّرَّاجَةَ;neutral;true;Bedeutung, Wortfamilie und typische Kollokationen werden kontextbezogen gelernt.
direction_right;يَمِينٌ;يمين;yamīnun;rechts / rechte Seite;travel;Reise & Orientierung;noun;;;;ي م ن;Für A1 als aktiver bzw. rezeptiver Kernwortschatz vorgesehen.;Wurzel: ي م ن;common;A1;2;2;travel|fusha|a1|curriculum-expansion;draft;يَمِينٌ;يمين;;;إِلَى الْيَمِينِ|عَلَى الْيَمِينِ;neutral;true;Bedeutung, Wortfamilie und typische Kollokationen werden kontextbezogen gelernt.
direction_left;يَسَارٌ;يسار;yasārun;links / linke Seite;travel;Reise & Orientierung;noun;;;;ي س ر;Für A1 als aktiver bzw. rezeptiver Kernwortschatz vorgesehen.;Wurzel: ي س ر;common;A1;2;2;travel|fusha|a1|curriculum-expansion;draft;يَسَارٌ;يسار;;;إِلَى الْيَسَارِ|عَلَى الْيَسَارِ;neutral;true;Bedeutung, Wortfamilie und typische Kollokationen werden kontextbezogen gelernt.
adjective_near;قَرِيبٌ;قريب;qarībun;nah;adjectives;Eigenschaften;adjective;;;;ق ر ب;Für A1 als aktiver bzw. rezeptiver Kernwortschatz vorgesehen.;Wurzel: ق ر ب;common;A1;2;2;adjectives|fusha|a1|curriculum-expansion;draft;قَرِيبٌ;قريب;;قَرِيبٌ|قُرْبٌ|يَقْرُبُ;قَرِيبٌ مِنْ|فِي الْقُرْبِ;neutral;true;Bedeutung, Wortfamilie und typische Kollokationen werden kontextbezogen gelernt.
adjective_far;بَعِيدٌ;بعيد;baʿīdun;weit / entfernt;adjectives;Eigenschaften;adjective;;;;ب ع د;Für A1 als aktiver bzw. rezeptiver Kernwortschatz vorgesehen.;Wurzel: ب ع د;common;A1;2;2;adjectives|fusha|a1|curriculum-expansion;draft;بَعِيدٌ;بعيد;;بَعِيدٌ|بُعْدٌ|يَبْعُدُ;بَعِيدٌ عَنْ|مَسَافَةٌ بَعِيدَةٌ;neutral;true;Bedeutung, Wortfamilie und typische Kollokationen werden kontextbezogen gelernt.
verb_visit;زَارَ;زار;zāra;besuchen;verbs_a2;Verben A2;verb;;;;ز و ر;Für A2 als aktiver bzw. rezeptiver Kernwortschatz vorgesehen.;Wurzel: ز و ر;common;A2;3;3;verbs_a2|fusha|a2|curriculum-expansion;draft;زَارَ;زار;فَعَلَ;زَارَ|زِيَارَةٌ|زَائِرٌ;زَارَ صَدِيقًا|زِيَارَةُ الْمَتْحَفِ;neutral;true;Bedeutung, Wortfamilie und typische Kollokationen werden kontextbezogen gelernt.
verb_return;رَجَعَ;رجع;rajaʿa;zurückkehren;verbs_a2;Verben A2;verb;;;;ر ج ع;Für A2 als aktiver bzw. rezeptiver Kernwortschatz vorgesehen.;Wurzel: ر ج ع;common;A2;3;3;verbs_a2|fusha|a2|curriculum-expansion;draft;رَجَعَ;رجع;فَعَلَ;رَجَعَ|رُجُوعٌ;رَجَعَ إِلَى الْبَيْتِ|بَعْدَ الرُّجُوعِ;neutral;true;Bedeutung, Wortfamilie und typische Kollokationen werden kontextbezogen gelernt.
verb_arrive;وَصَلَ;وصل;waṣala;ankommen;verbs_a2;Verben A2;verb;;;;و ص ل;Für A2 als aktiver bzw. rezeptiver Kernwortschatz vorgesehen.;Wurzel: و ص ل;common;A2;3;3;verbs_a2|fusha|a2|curriculum-expansion;draft;وَصَلَ;وصل;فَعَلَ;وَصَلَ|وُصُولٌ;وَصَلَ إِلَى|وَقْتُ الْوُصُولِ;neutral;true;Bedeutung, Wortfamilie und typische Kollokationen werden kontextbezogen gelernt.
verb_leave;غَادَرَ;غادر;ghādara;verlassen / abreisen;verbs_a2;Verben A2;verb;;;;غ د ر;Für A2 als aktiver bzw. rezeptiver Kernwortschatz vorgesehen.;Wurzel: غ د ر;common;A2;3;3;verbs_a2|fusha|a2|curriculum-expansion;draft;غَادَرَ;غادر;فَاعَلَ;غَادَرَ|مُغَادَرَةٌ;غَادَرَ الْمَكَانَ|وَقْتُ الْمُغَادَرَةِ;neutral;true;Bedeutung, Wortfamilie und typische Kollokationen werden kontextbezogen gelernt.
verb_help;سَاعَدَ;ساعد;sāʿada;helfen;verbs_a2;Verben A2;verb;;;;س ع د;Für A2 als aktiver bzw. rezeptiver Kernwortschatz vorgesehen.;Wurzel: س ع د;common;A2;3;3;verbs_a2|fusha|a2|curriculum-expansion;draft;سَاعَدَ;ساعد;فَاعَلَ;سَاعَدَ|مُسَاعَدَةٌ|مُسَاعِدٌ;سَاعَدَ شَخْصًا|طَلَبَ الْمُسَاعَدَةَ;neutral;true;Bedeutung, Wortfamilie und typische Kollokationen werden kontextbezogen gelernt.
verb_use;اِسْتَخْدَمَ;استخدم;istakhdama;benutzen;verbs_a2;Verben A2;verb;;;;خ د م;Für A2 als aktiver bzw. rezeptiver Kernwortschatz vorgesehen.;Wurzel: خ د م;common;A2;3;3;verbs_a2|fusha|a2|curriculum-expansion;draft;اِسْتَخْدَمَ;استخدم;اِسْتَفْعَلَ;اِسْتَخْدَمَ|اِسْتِخْدَامٌ|مُسْتَخْدِمٌ;اِسْتَخْدَمَ الْهَاتِفَ|طَرِيقَةُ الِاسْتِخْدَامِ;neutral;true;Bedeutung, Wortfamilie und typische Kollokationen werden kontextbezogen gelernt.
verb_try;حَاوَلَ;حاول;ḥāwala;versuchen;verbs_a2;Verben A2;verb;;;;ح و ل;Für A2 als aktiver bzw. rezeptiver Kernwortschatz vorgesehen.;Wurzel: ح و ل;common;A2;3;3;verbs_a2|fusha|a2|curriculum-expansion;draft;حَاوَلَ;حاول;فَاعَلَ;حَاوَلَ|مُحَاوَلَةٌ;حَاوَلَ أَنْ|مُحَاوَلَةٌ جَدِيدَةٌ;neutral;true;Bedeutung, Wortfamilie und typische Kollokationen werden kontextbezogen gelernt.
verb_participate;شَارَكَ;شارك;shāraka;teilnehmen;verbs_b1;Verben B1;verb;;;;ش ر ك;Für B1 als aktiver bzw. rezeptiver Kernwortschatz vorgesehen.;Wurzel: ش ر ك;common;B1;4;4;verbs_b1|fusha|b1|curriculum-expansion;draft;شَارَكَ;شارك;فَاعَلَ;شَارَكَ|مُشَارَكَةٌ|مُشَارِكٌ;شَارَكَ فِي|الْمُشَارَكَةُ فِي;neutral;true;Bedeutung, Wortfamilie und typische Kollokationen werden kontextbezogen gelernt.
verb_discuss;نَاقَشَ;ناقش;nāqasha;diskutieren;verbs_b1;Verben B1;verb;;;;ن ق ش;Für B1 als aktiver bzw. rezeptiver Kernwortschatz vorgesehen.;Wurzel: ن ق ش;common;B1;4;4;verbs_b1|fusha|b1|curriculum-expansion;draft;نَاقَشَ;ناقش;فَاعَلَ;نَاقَشَ|مُنَاقَشَةٌ|نِقَاشٌ;نَاقَشَ الْخُطَّةَ|مُنَاقَشَةُ النَّتَائِجِ;neutral;true;Bedeutung, Wortfamilie und typische Kollokationen werden kontextbezogen gelernt.
verb_plan;خَطَّطَ;خطط;khaṭṭaṭa;planen;verbs_b1;Verben B1;verb;;;;خ ط ط;Für B1 als aktiver bzw. rezeptiver Kernwortschatz vorgesehen.;Wurzel: خ ط ط;common;B1;4;4;verbs_b1|fusha|b1|curriculum-expansion;draft;خَطَّطَ;خطط;فَعَّلَ;خَطَّطَ|تَخْطِيطٌ|خُطَّةٌ;خَطَّطَ لِـ|خُطَّةُ الْعَمَلِ;neutral;true;Bedeutung, Wortfamilie und typische Kollokationen werden kontextbezogen gelernt.
verb_organize;نَظَّمَ;نظم;naẓẓama;organisieren;verbs_b1;Verben B1;verb;;;;ن ظ م;Für B1 als aktiver bzw. rezeptiver Kernwortschatz vorgesehen.;Wurzel: ن ظ م;common;B1;4;4;verbs_b1|fusha|b1|curriculum-expansion;draft;نَظَّمَ;نظم;فَعَّلَ;نَظَّمَ|تَنْظِيمٌ|مُنَظَّمٌ;نَظَّمَ الِاجْتِمَاعَ|تَنْظِيمُ الْوَقْتِ;neutral;true;Bedeutung, Wortfamilie und typische Kollokationen werden kontextbezogen gelernt.
abstract_advantage;مِيزَةٌ;ميزة;mīzatun;Vorteil;abstract_b1;Abstrakte Begriffe B1;noun;;مَزَايَا;مزايا;م ي ز;Für B1 als aktiver bzw. rezeptiver Kernwortschatz vorgesehen.;Wurzel: م ي ز;common;B1;4;4;abstract_b1|fusha|b1|curriculum-expansion;draft;مِيزَةٌ;ميزة;;مِيزَةٌ|مَزَايَا|مُمَيَّزٌ;مِيزَةٌ مُهِمَّةٌ|مِنْ مَزَايَا;neutral;true;Bedeutung, Wortfamilie und typische Kollokationen werden kontextbezogen gelernt.
abstract_disadvantage;عَيْبٌ;عيب;ʿaybun;Nachteil;abstract_b1;Abstrakte Begriffe B1;noun;;عُيُوبٌ;عيوب;ع ي ب;Für B1 als aktiver bzw. rezeptiver Kernwortschatz vorgesehen.;Wurzel: ع ي ب;common;B1;4;4;abstract_b1|fusha|b1|curriculum-expansion;draft;عَيْبٌ;عيب;;عَيْبٌ|عُيُوبٌ;عَيْبٌ وَاضِحٌ|مِنْ عُيُوبِ;neutral;true;Bedeutung, Wortfamilie und typische Kollokationen werden kontextbezogen gelernt.
abstract_effect;أَثَرٌ;أثر;atharun;Auswirkung / Effekt;abstract_b1;Abstrakte Begriffe B1;noun;;آثَارٌ;آثار;أ ث ر;Für B1 als aktiver bzw. rezeptiver Kernwortschatz vorgesehen.;Wurzel: أ ث ر;common;B1;4;4;abstract_b1|fusha|b1|curriculum-expansion;draft;أَثَرٌ;أثر;;أَثَرٌ|آثَارٌ|تَأْثِيرٌ;أَثَرٌ كَبِيرٌ|أَثَرُ الْقَرَارِ;neutral;true;Bedeutung, Wortfamilie und typische Kollokationen werden kontextbezogen gelernt.
society_policy;سِيَاسَةٌ;سياسة;siyāsatun;Politik / Strategie;society_b2;Gesellschaft B2;noun;;سِيَاسَاتٌ;سياسات;س و س;Für B2 als aktiver bzw. rezeptiver Kernwortschatz vorgesehen.;Wurzel: س و س;extended;B2;5;5;society_b2|fusha|b2|curriculum-expansion;draft;سِيَاسَةٌ;سياسة;;سِيَاسَةٌ|سِيَاسَاتٌ|سِيَاسِيٌّ;سِيَاسَةٌ عَامَّةٌ|سِيَاسَةُ الْمُؤَسَّسَةِ;formal;true;Bedeutung, Wortfamilie und typische Kollokationen werden kontextbezogen gelernt.
society_institution;مُؤَسَّسَةٌ;مؤسسة;muʾassasatun;Institution;society_b2;Gesellschaft B2;noun;;مُؤَسَّسَاتٌ;مؤسسات;أ س س;Für B2 als aktiver bzw. rezeptiver Kernwortschatz vorgesehen.;Wurzel: أ س س;extended;B2;5;5;society_b2|fusha|b2|curriculum-expansion;draft;مُؤَسَّسَةٌ;مؤسسة;;مُؤَسَّسَةٌ|مُؤَسَّسَاتٌ|تَأْسِيسٌ;مُؤَسَّسَةٌ تَعْلِيمِيَّةٌ|مُؤَسَّسَةٌ عَامَّةٌ;formal;true;Bedeutung, Wortfamilie und typische Kollokationen werden kontextbezogen gelernt.
economy_inflation;تَضَخُّمٌ;تضخم;taḍakhkhumun;Inflation;economy_b2;Wirtschaft B2;noun;;;;ض خ م;Für B2 als aktiver bzw. rezeptiver Kernwortschatz vorgesehen.;Wurzel: ض خ م;extended;B2;5;5;economy_b2|fusha|b2|curriculum-expansion;draft;تَضَخُّمٌ;تضخم;;تَضَخُّمٌ|مُتَضَخِّمٌ;مُعَدَّلُ التَّضَخُّمِ|ارْتَفَعَ التَّضَخُّمُ;formal;true;Bedeutung, Wortfamilie und typische Kollokationen werden kontextbezogen gelernt.
society_inequality;عَدَمُ الْمُسَاوَاةِ;عدم المساواة;ʿadamu l-musāwāti;Ungleichheit;society_b2;Gesellschaft B2;phrase;;;;س و ي;Für B2 als aktiver bzw. rezeptiver Kernwortschatz vorgesehen.;Wurzel: س و ي;extended;B2;5;5;society_b2|fusha|b2|curriculum-expansion;draft;عَدَمُ الْمُسَاوَاةِ;عدم المساواة;;مُسَاوَاةٌ|عَدَمُ الْمُسَاوَاةِ;عَدَمُ الْمُسَاوَاةِ فِي الدَّخْلِ|تَقْلِيلُ عَدَمِ الْمُسَاوَاةِ;formal;true;Bedeutung, Wortfamilie und typische Kollokationen werden kontextbezogen gelernt.
media_source;مَصْدَرٌ;مصدر;maṣdarun;Quelle;media_b2;Medien B2;noun;;مَصَادِرُ;مصادر;ص د ر;Für B2 als aktiver bzw. rezeptiver Kernwortschatz vorgesehen.;Wurzel: ص د ر;extended;B2;5;5;media_b2|fusha|b2|curriculum-expansion;draft;مَصْدَرٌ;مصدر;;مَصْدَرٌ|مَصَادِرُ;مَصْدَرٌ مَوْثُوقٌ|مَصْدَرُ الْبَيَانَاتِ;formal;true;Bedeutung, Wortfamilie und typische Kollokationen werden kontextbezogen gelernt.
abstract_factor;عَامِلٌ;عامل;ʿāmilun;Faktor;abstract_b2;Abstrakte Begriffe B2;noun;;عَوَامِلُ;عوامل;ع م ل;Für B2 als aktiver bzw. rezeptiver Kernwortschatz vorgesehen.;Wurzel: ع م ل;extended;B2;5;5;abstract_b2|fusha|b2|curriculum-expansion;draft;عَامِلٌ;عامل;;عَامِلٌ|عَوَامِلُ;عَامِلٌ مُهِمٌّ|عَامِلٌ أَسَاسِيٌّ;formal;true;Bedeutung, Wortfamilie und typische Kollokationen werden kontextbezogen gelernt.
abstract_tendency;اِتِّجَاهٌ;اتجاه;ittijāhun;Tendenz / Richtung;abstract_b2;Abstrakte Begriffe B2;noun;;اِتِّجَاهَاتٌ;اتجاهات;و ج ه;Für B2 als aktiver bzw. rezeptiver Kernwortschatz vorgesehen.;Wurzel: و ج ه;extended;B2;5;5;abstract_b2|fusha|b2|curriculum-expansion;draft;اِتِّجَاهٌ;اتجاه;;اِتِّجَاهٌ|اِتِّجَاهَاتٌ;اِتِّجَاهٌ مُتَزَايِدٌ|اِتِّجَاهٌ عَامٌّ;formal;true;Bedeutung, Wortfamilie und typische Kollokationen werden kontextbezogen gelernt.
academic_methodology;مَنْهَجِيَّةٌ;منهجية;manhajiyyatun;Methodik;academic_c1;Akademisch C1;noun;;مَنْهَجِيَّاتٌ;منهجيات;ن ه ج;Für C1 als aktiver bzw. rezeptiver Kernwortschatz vorgesehen.;Wurzel: ن ه ج;extended;C1;6;6;academic_c1|fusha|c1|curriculum-expansion;draft;مَنْهَجِيَّةٌ;منهجية;;مَنْهَجٌ|مَنْهَجِيَّةٌ|مَنْهَجِيٌّ;مَنْهَجِيَّةُ الْبَحْثِ|مَنْهَجِيَّةٌ وَاضِحَةٌ;academic;false;Bedeutung, Wortfamilie und typische Kollokationen werden kontextbezogen gelernt.
academic_variable;مُتَغَيِّرٌ;متغير;mutaghayyirun;Variable;academic_c1;Akademisch C1;noun;;مُتَغَيِّرَاتٌ;متغيرات;غ ي ر;Für C1 als aktiver bzw. rezeptiver Kernwortschatz vorgesehen.;Wurzel: غ ي ر;extended;C1;6;6;academic_c1|fusha|c1|curriculum-expansion;draft;مُتَغَيِّرٌ;متغير;;مُتَغَيِّرٌ|تَغَيُّرٌ|تَغَيَّرَ;الْمُتَغَيِّرُ الْمُسْتَقِلُّ|قِيَاسُ الْمُتَغَيِّرِ;academic;false;Bedeutung, Wortfamilie und typische Kollokationen werden kontextbezogen gelernt.
academic_sample;عَيِّنَةٌ;عينة;ʿayyinatu;Stichprobe;academic_c1;Akademisch C1;noun;;عَيِّنَاتٌ;عينات;ع ي ن;Für C1 als aktiver bzw. rezeptiver Kernwortschatz vorgesehen.;Wurzel: ع ي ن;extended;C1;6;6;academic_c1|fusha|c1|curriculum-expansion;draft;عَيِّنَةٌ;عينة;;عَيِّنَةٌ|عَيِّنَاتٌ;عَيِّنَةٌ مُمَثِّلَةٌ|حَجْمُ الْعَيِّنَةِ;academic;false;Bedeutung, Wortfamilie und typische Kollokationen werden kontextbezogen gelernt.
academic_validity;صَلَاحِيَّةٌ;صلاحية;ṣalāḥiyyatun;Validität / Gültigkeit;academic_c1;Akademisch C1;noun;;;;ص ل ح;Für C1 als aktiver bzw. rezeptiver Kernwortschatz vorgesehen.;Wurzel: ص ل ح;extended;C1;6;6;academic_c1|fusha|c1|curriculum-expansion;draft;صَلَاحِيَّةٌ;صلاحية;;صَلَاحِيَّةٌ|صَالِحٌ;صَلَاحِيَّةُ الْأَدَاةِ|صَلَاحِيَّةُ الْقِيَاسِ;academic;false;Bedeutung, Wortfamilie und typische Kollokationen werden kontextbezogen gelernt.
academic_reliability;مَوْثُوقِيَّةٌ;موثوقية;mawthūqiyyatun;Reliabilität / Zuverlässigkeit;academic_c1;Akademisch C1;noun;;;;و ث ق;Für C1 als aktiver bzw. rezeptiver Kernwortschatz vorgesehen.;Wurzel: و ث ق;extended;C1;6;6;academic_c1|fusha|c1|curriculum-expansion;draft;مَوْثُوقِيَّةٌ;موثوقية;;مَوْثُوقِيَّةٌ|مَوْثُوقٌ;مَوْثُوقِيَّةُ النَّتَائِجِ|دَرَجَةُ الْمَوْثُوقِيَّةِ;academic;false;Bedeutung, Wortfamilie und typische Kollokationen werden kontextbezogen gelernt.
academic_framework;إِطَارٌ;إطار;iṭārun;Rahmen / Framework;academic_c1;Akademisch C1;noun;;أُطُرٌ;أطر;أ ط ر;Für C1 als aktiver bzw. rezeptiver Kernwortschatz vorgesehen.;Wurzel: أ ط ر;extended;C1;6;6;academic_c1|fusha|c1|curriculum-expansion;draft;إِطَارٌ;إطار;;إِطَارٌ|أُطُرٌ;إِطَارٌ نَظَرِيٌّ|إِطَارُ الدِّرَاسَةِ;academic;false;Bedeutung, Wortfamilie und typische Kollokationen werden kontextbezogen gelernt.
academic_literature;أَدَبِيَّاتٌ;أدبيات;adabiyyātun;Fachliteratur;academic_c1;Akademisch C1;noun;;;;أ د ب;Für C1 als aktiver bzw. rezeptiver Kernwortschatz vorgesehen.;Wurzel: أ د ب;extended;C1;6;6;academic_c1|fusha|c1|curriculum-expansion;draft;أَدَبِيَّاتٌ;أدبيات;;أَدَبٌ|أَدَبِيٌّ|أَدَبِيَّاتٌ;الْأَدَبِيَّاتُ السَّابِقَةُ|مُرَاجَعَةُ الْأَدَبِيَّاتِ;academic;false;Bedeutung, Wortfamilie und typische Kollokationen werden kontextbezogen gelernt.
rhetoric_rhythm;إِيقَاعٌ;إيقاع;īqāʿun;Rhythmus;rhetoric_c2;Rhetorik C2;noun;;إِيقَاعَاتٌ;إيقاعات;و ق ع;Für C2 als aktiver bzw. rezeptiver Kernwortschatz vorgesehen.;Wurzel: و ق ع;extended;C2;7;7;rhetoric_c2|fusha|c2|curriculum-expansion;draft;إِيقَاعٌ;إيقاع;;إِيقَاعٌ|إِيقَاعَاتٌ;إِيقَاعُ النَّصِّ|إِيقَاعٌ خَاصٌّ;literary;false;Bedeutung, Wortfamilie und typische Kollokationen werden kontextbezogen gelernt.
rhetoric_contrast;مُقَابَلَةٌ;مقابلة;muqābalatun;Kontrast / Gegenüberstellung;rhetoric_c2;Rhetorik C2;noun;;;;ق ب ل;Für C2 als aktiver bzw. rezeptiver Kernwortschatz vorgesehen.;Wurzel: ق ب ل;extended;C2;7;7;rhetoric_c2|fusha|c2|curriculum-expansion;draft;مُقَابَلَةٌ;مقابلة;;مُقَابَلَةٌ|قَابَلَ|مُقَابِلٌ;الْمُقَابَلَةُ بَيْنَ|أُسْلُوبُ الْمُقَابَلَةِ;literary;false;Bedeutung, Wortfamilie und typische Kollokationen werden kontextbezogen gelernt.
rhetoric_emphasis;تَوْكِيدٌ;توكيد;tawkīdun;Hervorhebung / Bekräftigung;rhetoric_c2;Rhetorik C2;noun;;;;و ك د;Für C2 als aktiver bzw. rezeptiver Kernwortschatz vorgesehen.;Wurzel: و ك د;extended;C2;7;7;rhetoric_c2|fusha|c2|curriculum-expansion;draft;تَوْكِيدٌ;توكيد;;تَوْكِيدٌ|أَكَّدَ|مُؤَكَّدٌ;لِلتَّوْكِيدِ|أُسْلُوبُ التَّوْكِيدِ;literary;false;Bedeutung, Wortfamilie und typische Kollokationen werden kontextbezogen gelernt.
rhetoric_implicit;ضِمْنِيٌّ;ضمني;ḍimniyyun;implizit;rhetoric_c2;Rhetorik C2;adjective;;;;ض م ن;Für C2 als aktiver bzw. rezeptiver Kernwortschatz vorgesehen.;Wurzel: ض م ن;extended;C2;7;7;rhetoric_c2|fusha|c2|curriculum-expansion;draft;ضِمْنِيٌّ;ضمني;;ضِمْنِيٌّ|ضِمْنٌ;مَعْنًى ضِمْنِيٌّ|إِشَارَةٌ ضِمْنِيَّةٌ;literary;false;Bedeutung, Wortfamilie und typische Kollokationen werden kontextbezogen gelernt.
rhetoric_explicit;صَرِيحٌ;صريح;ṣarīḥun;explizit / ausdrücklich;rhetoric_c2;Rhetorik C2;adjective;;;;ص ر ح;Für C2 als aktiver bzw. rezeptiver Kernwortschatz vorgesehen.;Wurzel: ص ر ح;extended;C2;7;7;rhetoric_c2|fusha|c2|curriculum-expansion;draft;صَرِيحٌ;صريح;;صَرِيحٌ|صَرَّحَ|تَصْرِيحٌ;مَوْقِفٌ صَرِيحٌ|نَقْدٌ صَرِيحٌ;literary;false;Bedeutung, Wortfamilie und typische Kollokationen werden kontextbezogen gelernt.
rhetoric_intertext;تَنَاصٌّ;تناص;tanāṣṣun;Intertextualität;rhetoric_c2;Rhetorik C2;noun;;;;ن ص ص;Für C2 als aktiver bzw. rezeptiver Kernwortschatz vorgesehen.;Wurzel: ن ص ص;extended;C2;7;7;rhetoric_c2|fusha|c2|curriculum-expansion;draft;تَنَاصٌّ;تناص;;تَنَاصٌّ|نَصٌّ|نُصُوصٌ;تَنَاصٌّ مَعَ|عَلَاقَةٌ تَنَاصِّيَّةٌ;literary;false;Bedeutung, Wortfamilie und typische Kollokationen werden kontextbezogen gelernt.
rhetoric_density;كَثَافَةٌ;كثافة;kathāfatun;Dichte;rhetoric_c2;Rhetorik C2;noun;;;;ك ث ف;Für C2 als aktiver bzw. rezeptiver Kernwortschatz vorgesehen.;Wurzel: ك ث ف;extended;C2;7;7;rhetoric_c2|fusha|c2|curriculum-expansion;draft;كَثَافَةٌ;كثافة;;كَثَافَةٌ|كَثِيفٌ;كَثَافَةٌ دَلَالِيَّةٌ|كَثَافَةُ الْمُصْطَلَحَاتِ;literary;false;Bedeutung, Wortfamilie und typische Kollokationen werden kontextbezogen gelernt.
geo_af;أفغانستان;أفغانستان;afghānstān;Afghanistan;geography;Länder & Regionen;noun;;;;;"Geografische Bezeichnung; rezeptiv priorisieren.";"Geografische Bezeichnung; rezeptiv priorisieren.";extended;A2;3;3;geography|proper-name|a2|v012;draft;أفغانستان;أفغانستان;;;;neutral;false;"Eigenname/Fachbezeichnung; CLDR-Bezeichnung, redaktionelle Ausspracheprüfung ausstehend."
geo_al;ألبانيا;ألبانيا;albānyā;Albanien;geography;Länder & Regionen;noun;;;;;"Geografische Bezeichnung; rezeptiv priorisieren.";"Geografische Bezeichnung; rezeptiv priorisieren.";extended;A2;3;3;geography|proper-name|a2|v012;draft;ألبانيا;ألبانيا;;;;neutral;false;"Eigenname/Fachbezeichnung; CLDR-Bezeichnung, redaktionelle Ausspracheprüfung ausstehend."
geo_dz;الجزائر;الجزائر;āljzāʾr;Algerien;geography;Länder & Regionen;noun;;;;;"Geografische Bezeichnung; rezeptiv priorisieren.";"Geografische Bezeichnung; rezeptiv priorisieren.";extended;A2;3;3;geography|proper-name|a2|v012;draft;الجزائر;الجزائر;;;;neutral;false;"Eigenname/Fachbezeichnung; CLDR-Bezeichnung, redaktionelle Ausspracheprüfung ausstehend."
geo_as;ساموا الأمريكية;ساموا الأمريكية;sāmwā ālamrykya;Amerikanisch-Samoa;geography;Länder & Regionen;noun;;;;;"Geografische Bezeichnung; rezeptiv priorisieren.";"Geografische Bezeichnung; rezeptiv priorisieren.";extended;A2;3;3;geography|proper-name|a2|v012;draft;ساموا الأمريكية;ساموا الأمريكية;;;;neutral;false;"Eigenname/Fachbezeichnung; CLDR-Bezeichnung, redaktionelle Ausspracheprüfung ausstehend."
geo_vi;جزر فيرجن الأمريكية;جزر فيرجن الأمريكية;jzr fyrjn ālamrykya;Amerikanische Jungferninseln;geography;Länder & Regionen;noun;;;;;"Geografische Bezeichnung; rezeptiv priorisieren.";"Geografische Bezeichnung; rezeptiv priorisieren.";extended;A2;3;3;geography|proper-name|a2|v012;draft;جزر فيرجن الأمريكية;جزر فيرجن الأمريكية;;;;neutral;false;"Eigenname/Fachbezeichnung; CLDR-Bezeichnung, redaktionelle Ausspracheprüfung ausstehend."
geo_um;جزر الولايات المتحدة النائية;جزر الولايات المتحدة النائية;jzr ālwlāyāt ālmtḥda ālnāʾya;Amerikanische Überseeinseln;geography;Länder & Regionen;noun;;;;;"Geografische Bezeichnung; rezeptiv priorisieren.";"Geografische Bezeichnung; rezeptiv priorisieren.";extended;A2;3;3;geography|proper-name|a2|v012;draft;جزر الولايات المتحدة النائية;جزر الولايات المتحدة النائية;;;;neutral;false;"Eigenname/Fachbezeichnung; CLDR-Bezeichnung, redaktionelle Ausspracheprüfung ausstehend."
geo_ad;أندورا;أندورا;andwrā;Andorra;geography;Länder & Regionen;noun;;;;;"Geografische Bezeichnung; rezeptiv priorisieren.";"Geografische Bezeichnung; rezeptiv priorisieren.";extended;A2;3;3;geography|proper-name|a2|v012;draft;أندورا;أندورا;;;;neutral;false;"Eigenname/Fachbezeichnung; CLDR-Bezeichnung, redaktionelle Ausspracheprüfung ausstehend."
geo_ao;أنغولا;أنغولا;anghwlā;Angola;geography;Länder & Regionen;noun;;;;;"Geografische Bezeichnung; rezeptiv priorisieren.";"Geografische Bezeichnung; rezeptiv priorisieren.";extended;A2;3;3;geography|proper-name|a2|v012;draft;أنغولا;أنغولا;;;;neutral;false;"Eigenname/Fachbezeichnung; CLDR-Bezeichnung, redaktionelle Ausspracheprüfung ausstehend."
geo_ai;أنغويلا;أنغويلا;anghwylā;Anguilla;geography;Länder & Regionen;noun;;;;;"Geografische Bezeichnung; rezeptiv priorisieren.";"Geografische Bezeichnung; rezeptiv priorisieren.";extended;A2;3;3;geography|proper-name|a2|v012;draft;أنغويلا;أنغويلا;;;;neutral;false;"Eigenname/Fachbezeichnung; CLDR-Bezeichnung, redaktionelle Ausspracheprüfung ausstehend."
geo_aq;أنتاركتيكا;أنتاركتيكا;antārktykā;Antarktis;geography;Länder & Regionen;noun;;;;;"Geografische Bezeichnung; rezeptiv priorisieren.";"Geografische Bezeichnung; rezeptiv priorisieren.";extended;A2;3;3;geography|proper-name|a2|v012;draft;أنتاركتيكا;أنتاركتيكا;;;;neutral;false;"Eigenname/Fachbezeichnung; CLDR-Bezeichnung, redaktionelle Ausspracheprüfung ausstehend."
geo_ag;أنتيغوا وبربودا;أنتيغوا وبربودا;antyghwā wbrbwdā;Antigua und Barbuda;geography;Länder & Regionen;noun;;;;;"Geografische Bezeichnung; rezeptiv priorisieren.";"Geografische Bezeichnung; rezeptiv priorisieren.";extended;A2;3;3;geography|proper-name|a2|v012;draft;أنتيغوا وبربودا;أنتيغوا وبربودا;;;;neutral;false;"Eigenname/Fachbezeichnung; CLDR-Bezeichnung, redaktionelle Ausspracheprüfung ausstehend."
geo_ar;الأرجنتين;الأرجنتين;ālarjntyn;Argentinien;geography;Länder & Regionen;noun;;;;;"Geografische Bezeichnung; rezeptiv priorisieren.";"Geografische Bezeichnung; rezeptiv priorisieren.";extended;A2;3;3;geography|proper-name|a2|v012;draft;الأرجنتين;الأرجنتين;;;;neutral;false;"Eigenname/Fachbezeichnung; CLDR-Bezeichnung, redaktionelle Ausspracheprüfung ausstehend."
geo_am;أرمينيا;أرمينيا;armynyā;Armenien;geography;Länder & Regionen;noun;;;;;"Geografische Bezeichnung; rezeptiv priorisieren.";"Geografische Bezeichnung; rezeptiv priorisieren.";extended;A2;3;3;geography|proper-name|a2|v012;draft;أرمينيا;أرمينيا;;;;neutral;false;"Eigenname/Fachbezeichnung; CLDR-Bezeichnung, redaktionelle Ausspracheprüfung ausstehend."
geo_aw;أروبا;أروبا;arwbā;Aruba;geography;Länder & Regionen;noun;;;;;"Geografische Bezeichnung; rezeptiv priorisieren.";"Geografische Bezeichnung; rezeptiv priorisieren.";extended;A2;3;3;geography|proper-name|a2|v012;draft;أروبا;أروبا;;;;neutral;false;"Eigenname/Fachbezeichnung; CLDR-Bezeichnung, redaktionelle Ausspracheprüfung ausstehend."
geo_az;أذربيجان;أذربيجان;adhrbyjān;Aserbaidschan;geography;Länder & Regionen;noun;;;;;"Geografische Bezeichnung; rezeptiv priorisieren.";"Geografische Bezeichnung; rezeptiv priorisieren.";extended;A2;3;3;geography|proper-name|a2|v012;draft;أذربيجان;أذربيجان;;;;neutral;false;"Eigenname/Fachbezeichnung; CLDR-Bezeichnung, redaktionelle Ausspracheprüfung ausstehend."
geo_au;أستراليا;أستراليا;astrālyā;Australien;geography;Länder & Regionen;noun;;;;;"Geografische Bezeichnung; rezeptiv priorisieren.";"Geografische Bezeichnung; rezeptiv priorisieren.";extended;A2;3;3;geography|proper-name|a2|v012;draft;أستراليا;أستراليا;;;;neutral;false;"Eigenname/Fachbezeichnung; CLDR-Bezeichnung, redaktionelle Ausspracheprüfung ausstehend."
geo_bs;جزر البهاما;جزر البهاما;jzr ālbhāmā;Bahamas;geography;Länder & Regionen;noun;;;;;"Geografische Bezeichnung; rezeptiv priorisieren.";"Geografische Bezeichnung; rezeptiv priorisieren.";extended;A2;3;3;geography|proper-name|a2|v012;draft;جزر البهاما;جزر البهاما;;;;neutral;false;"Eigenname/Fachbezeichnung; CLDR-Bezeichnung, redaktionelle Ausspracheprüfung ausstehend."
geo_bh;البحرين;البحرين;ālbḥryn;Bahrain;geography;Länder & Regionen;noun;;;;;"Geografische Bezeichnung; rezeptiv priorisieren.";"Geografische Bezeichnung; rezeptiv priorisieren.";extended;A2;3;3;geography|proper-name|a2|v012;draft;البحرين;البحرين;;;;neutral;false;"Eigenname/Fachbezeichnung; CLDR-Bezeichnung, redaktionelle Ausspracheprüfung ausstehend."
geo_bd;بنغلاديش;بنغلاديش;bnghlādysh;Bangladesch;geography;Länder & Regionen;noun;;;;;"Geografische Bezeichnung; rezeptiv priorisieren.";"Geografische Bezeichnung; rezeptiv priorisieren.";extended;A2;3;3;geography|proper-name|a2|v012;draft;بنغلاديش;بنغلاديش;;;;neutral;false;"Eigenname/Fachbezeichnung; CLDR-Bezeichnung, redaktionelle Ausspracheprüfung ausstehend."
geo_bb;بربادوس;بربادوس;brbādws;Barbados;geography;Länder & Regionen;noun;;;;;"Geografische Bezeichnung; rezeptiv priorisieren.";"Geografische Bezeichnung; rezeptiv priorisieren.";extended;A2;3;3;geography|proper-name|a2|v012;draft;بربادوس;بربادوس;;;;neutral;false;"Eigenname/Fachbezeichnung; CLDR-Bezeichnung, redaktionelle Ausspracheprüfung ausstehend."
geo_by;بيلاروس;بيلاروس;bylārws;Belarus;geography;Länder & Regionen;noun;;;;;"Geografische Bezeichnung; rezeptiv priorisieren.";"Geografische Bezeichnung; rezeptiv priorisieren.";extended;A2;3;3;geography|proper-name|a2|v012;draft;بيلاروس;بيلاروس;;;;neutral;false;"Eigenname/Fachbezeichnung; CLDR-Bezeichnung, redaktionelle Ausspracheprüfung ausstehend."
geo_be;بلجيكا;بلجيكا;bljykā;Belgien;geography;Länder & Regionen;noun;;;;;"Geografische Bezeichnung; rezeptiv priorisieren.";"Geografische Bezeichnung; rezeptiv priorisieren.";extended;A2;3;3;geography|proper-name|a2|v012;draft;بلجيكا;بلجيكا;;;;neutral;false;"Eigenname/Fachbezeichnung; CLDR-Bezeichnung, redaktionelle Ausspracheprüfung ausstehend."
geo_bz;بليز;بليز;blyz;Belize;geography;Länder & Regionen;noun;;;;;"Geografische Bezeichnung; rezeptiv priorisieren.";"Geografische Bezeichnung; rezeptiv priorisieren.";extended;A2;3;3;geography|proper-name|a2|v012;draft;بليز;بليز;;;;neutral;false;"Eigenname/Fachbezeichnung; CLDR-Bezeichnung, redaktionelle Ausspracheprüfung ausstehend."
geo_bj;بنين;بنين;bnyn;Benin;geography;Länder & Regionen;noun;;;;;"Geografische Bezeichnung; rezeptiv priorisieren.";"Geografische Bezeichnung; rezeptiv priorisieren.";extended;A2;3;3;geography|proper-name|a2|v012;draft;بنين;بنين;;;;neutral;false;"Eigenname/Fachbezeichnung; CLDR-Bezeichnung, redaktionelle Ausspracheprüfung ausstehend."
geo_bm;برمودا;برمودا;brmwdā;Bermuda;geography;Länder & Regionen;noun;;;;;"Geografische Bezeichnung; rezeptiv priorisieren.";"Geografische Bezeichnung; rezeptiv priorisieren.";extended;A2;3;3;geography|proper-name|a2|v012;draft;برمودا;برمودا;;;;neutral;false;"Eigenname/Fachbezeichnung; CLDR-Bezeichnung, redaktionelle Ausspracheprüfung ausstehend."
geo_bt;بوتان;بوتان;bwtān;Bhutan;geography;Länder & Regionen;noun;;;;;"Geografische Bezeichnung; rezeptiv priorisieren.";"Geografische Bezeichnung; rezeptiv priorisieren.";extended;A2;3;3;geography|proper-name|a2|v012;draft;بوتان;بوتان;;;;neutral;false;"Eigenname/Fachbezeichnung; CLDR-Bezeichnung, redaktionelle Ausspracheprüfung ausstehend."
geo_bo;بوليفيا;بوليفيا;bwlyfyā;Bolivien;geography;Länder & Regionen;noun;;;;;"Geografische Bezeichnung; rezeptiv priorisieren.";"Geografische Bezeichnung; rezeptiv priorisieren.";extended;A2;3;3;geography|proper-name|a2|v012;draft;بوليفيا;بوليفيا;;;;neutral;false;"Eigenname/Fachbezeichnung; CLDR-Bezeichnung, redaktionelle Ausspracheprüfung ausstehend."
geo_ba;البوسنة والهرسك;البوسنة والهرسك;ālbwsna wālhrsk;Bosnien und Herzegowina;geography;Länder & Regionen;noun;;;;;"Geografische Bezeichnung; rezeptiv priorisieren.";"Geografische Bezeichnung; rezeptiv priorisieren.";extended;A2;3;3;geography|proper-name|a2|v012;draft;البوسنة والهرسك;البوسنة والهرسك;;;;neutral;false;"Eigenname/Fachbezeichnung; CLDR-Bezeichnung, redaktionelle Ausspracheprüfung ausstehend."
geo_bw;بوتسوانا;بوتسوانا;bwtswānā;Botsuana;geography;Länder & Regionen;noun;;;;;"Geografische Bezeichnung; rezeptiv priorisieren.";"Geografische Bezeichnung; rezeptiv priorisieren.";extended;A2;3;3;geography|proper-name|a2|v012;draft;بوتسوانا;بوتسوانا;;;;neutral;false;"Eigenname/Fachbezeichnung; CLDR-Bezeichnung, redaktionelle Ausspracheprüfung ausstehend."
geo_bv;جزيرة بوفيه;جزيرة بوفيه;jzyra bwfyh;Bouvetinsel;geography;Länder & Regionen;noun;;;;;"Geografische Bezeichnung; rezeptiv priorisieren.";"Geografische Bezeichnung; rezeptiv priorisieren.";extended;A2;3;3;geography|proper-name|a2|v012;draft;جزيرة بوفيه;جزيرة بوفيه;;;;neutral;false;"Eigenname/Fachbezeichnung; CLDR-Bezeichnung, redaktionelle Ausspracheprüfung ausstehend."
geo_br;البرازيل;البرازيل;ālbrāzyl;Brasilien;geography;Länder & Regionen;noun;;;;;"Geografische Bezeichnung; rezeptiv priorisieren.";"Geografische Bezeichnung; rezeptiv priorisieren.";extended;A2;3;3;geography|proper-name|a2|v012;draft;البرازيل;البرازيل;;;;neutral;false;"Eigenname/Fachbezeichnung; CLDR-Bezeichnung, redaktionelle Ausspracheprüfung ausstehend."
geo_vg;جزر فيرجن البريطانية;جزر فيرجن البريطانية;jzr fyrjn ālbryṭānya;Britische Jungferninseln;geography;Länder & Regionen;noun;;;;;"Geografische Bezeichnung; rezeptiv priorisieren.";"Geografische Bezeichnung; rezeptiv priorisieren.";extended;A2;3;3;geography|proper-name|a2|v012;draft;جزر فيرجن البريطانية;جزر فيرجن البريطانية;;;;neutral;false;"Eigenname/Fachbezeichnung; CLDR-Bezeichnung, redaktionelle Ausspracheprüfung ausstehend."
geo_io;الإقليم البريطاني في المحيط الهندي;الإقليم البريطاني في المحيط الهندي;āliqlym ālbryṭāny fy ālmḥyṭ ālhndy;Britisches Territorium im Indischen Ozean;geography;Länder & Regionen;noun;;;;;"Geografische Bezeichnung; rezeptiv priorisieren.";"Geografische Bezeichnung; rezeptiv priorisieren.";extended;A2;3;3;geography|proper-name|a2|v012;draft;الإقليم البريطاني في المحيط الهندي;الإقليم البريطاني في المحيط الهندي;;;;neutral;false;"Eigenname/Fachbezeichnung; CLDR-Bezeichnung, redaktionelle Ausspracheprüfung ausstehend."
geo_bn;بروناي;بروناي;brwnāy;Brunei Darussalam;geography;Länder & Regionen;noun;;;;;"Geografische Bezeichnung; rezeptiv priorisieren.";"Geografische Bezeichnung; rezeptiv priorisieren.";extended;A2;3;3;geography|proper-name|a2|v012;draft;بروناي;بروناي;;;;neutral;false;"Eigenname/Fachbezeichnung; CLDR-Bezeichnung, redaktionelle Ausspracheprüfung ausstehend."
geo_bg;بلغاريا;بلغاريا;blghāryā;Bulgarien;geography;Länder & Regionen;noun;;;;;"Geografische Bezeichnung; rezeptiv priorisieren.";"Geografische Bezeichnung; rezeptiv priorisieren.";extended;A2;3;3;geography|proper-name|a2|v012;draft;بلغاريا;بلغاريا;;;;neutral;false;"Eigenname/Fachbezeichnung; CLDR-Bezeichnung, redaktionelle Ausspracheprüfung ausstehend."
geo_bf;بوركينا فاسو;بوركينا فاسو;bwrkynā fāsw;Burkina Faso;geography;Länder & Regionen;noun;;;;;"Geografische Bezeichnung; rezeptiv priorisieren.";"Geografische Bezeichnung; rezeptiv priorisieren.";extended;A2;3;3;geography|proper-name|a2|v012;draft;بوركينا فاسو;بوركينا فاسو;;;;neutral;false;"Eigenname/Fachbezeichnung; CLDR-Bezeichnung, redaktionelle Ausspracheprüfung ausstehend."
geo_bi;بوروندي;بوروندي;bwrwndy;Burundi;geography;Länder & Regionen;noun;;;;;"Geografische Bezeichnung; rezeptiv priorisieren.";"Geografische Bezeichnung; rezeptiv priorisieren.";extended;A2;3;3;geography|proper-name|a2|v012;draft;بوروندي;بوروندي;;;;neutral;false;"Eigenname/Fachbezeichnung; CLDR-Bezeichnung, redaktionelle Ausspracheprüfung ausstehend."
geo_cv;الرأس الأخضر;الرأس الأخضر;ālras ālakhḍr;Cabo Verde;geography;Länder & Regionen;noun;;;;;"Geografische Bezeichnung; rezeptiv priorisieren.";"Geografische Bezeichnung; rezeptiv priorisieren.";extended;A2;3;3;geography|proper-name|a2|v012;draft;الرأس الأخضر;الرأس الأخضر;;;;neutral;false;"Eigenname/Fachbezeichnung; CLDR-Bezeichnung, redaktionelle Ausspracheprüfung ausstehend."
geo_cl;تشيلي;تشيلي;tshyly;Chile;geography;Länder & Regionen;noun;;;;;"Geografische Bezeichnung; rezeptiv priorisieren.";"Geografische Bezeichnung; rezeptiv priorisieren.";extended;A2;3;3;geography|proper-name|a2|v012;draft;تشيلي;تشيلي;;;;neutral;false;"Eigenname/Fachbezeichnung; CLDR-Bezeichnung, redaktionelle Ausspracheprüfung ausstehend."
geo_cn;الصين;الصين;ālṣyn;China;geography;Länder & Regionen;noun;;;;;"Geografische Bezeichnung; rezeptiv priorisieren.";"Geografische Bezeichnung; rezeptiv priorisieren.";extended;A2;3;3;geography|proper-name|a2|v012;draft;الصين;الصين;;;;neutral;false;"Eigenname/Fachbezeichnung; CLDR-Bezeichnung, redaktionelle Ausspracheprüfung ausstehend."
geo_ck;جزر كوك;جزر كوك;jzr kwk;Cookinseln;geography;Länder & Regionen;noun;;;;;"Geografische Bezeichnung; rezeptiv priorisieren.";"Geografische Bezeichnung; rezeptiv priorisieren.";extended;A2;3;3;geography|proper-name|a2|v012;draft;جزر كوك;جزر كوك;;;;neutral;false;"Eigenname/Fachbezeichnung; CLDR-Bezeichnung, redaktionelle Ausspracheprüfung ausstehend."
geo_cr;كوستاريكا;كوستاريكا;kwstārykā;Costa Rica;geography;Länder & Regionen;noun;;;;;"Geografische Bezeichnung; rezeptiv priorisieren.";"Geografische Bezeichnung; rezeptiv priorisieren.";extended;A2;3;3;geography|proper-name|a2|v012;draft;كوستاريكا;كوستاريكا;;;;neutral;false;"Eigenname/Fachbezeichnung; CLDR-Bezeichnung, redaktionelle Ausspracheprüfung ausstehend."
geo_cw;كوراساو;كوراساو;kwrāsāw;Curaçao;geography;Länder & Regionen;noun;;;;;"Geografische Bezeichnung; rezeptiv priorisieren.";"Geografische Bezeichnung; rezeptiv priorisieren.";extended;A2;3;3;geography|proper-name|a2|v012;draft;كوراساو;كوراساو;;;;neutral;false;"Eigenname/Fachbezeichnung; CLDR-Bezeichnung, redaktionelle Ausspracheprüfung ausstehend."
geo_ci;ساحل العاج;ساحل العاج;sāḥl ālʿāj;Côte d’Ivoire;geography;Länder & Regionen;noun;;;;;"Geografische Bezeichnung; rezeptiv priorisieren.";"Geografische Bezeichnung; rezeptiv priorisieren.";extended;A2;3;3;geography|proper-name|a2|v012;draft;ساحل العاج;ساحل العاج;;;;neutral;false;"Eigenname/Fachbezeichnung; CLDR-Bezeichnung, redaktionelle Ausspracheprüfung ausstehend."
geo_de;ألمانيا;ألمانيا;almānyā;Deutschland;geography;Länder & Regionen;noun;;;;;"Geografische Bezeichnung; rezeptiv priorisieren.";"Geografische Bezeichnung; rezeptiv priorisieren.";extended;A2;3;3;geography|proper-name|a2|v012;draft;ألمانيا;ألمانيا;;;;neutral;false;"Eigenname/Fachbezeichnung; CLDR-Bezeichnung, redaktionelle Ausspracheprüfung ausstehend."
geo_dm;دومينيكا;دومينيكا;dwmynykā;Dominica;geography;Länder & Regionen;noun;;;;;"Geografische Bezeichnung; rezeptiv priorisieren.";"Geografische Bezeichnung; rezeptiv priorisieren.";extended;A2;3;3;geography|proper-name|a2|v012;draft;دومينيكا;دومينيكا;;;;neutral;false;"Eigenname/Fachbezeichnung; CLDR-Bezeichnung, redaktionelle Ausspracheprüfung ausstehend."
geo_do;جمهورية الدومينيكان;جمهورية الدومينيكان;jmhwrya āldwmynykān;Dominikanische Republik;geography;Länder & Regionen;noun;;;;;"Geografische Bezeichnung; rezeptiv priorisieren.";"Geografische Bezeichnung; rezeptiv priorisieren.";extended;A2;3;3;geography|proper-name|a2|v012;draft;جمهورية الدومينيكان;جمهورية الدومينيكان;;;;neutral;false;"Eigenname/Fachbezeichnung; CLDR-Bezeichnung, redaktionelle Ausspracheprüfung ausstehend."
geo_dj;جيبوتي;جيبوتي;jybwty;Dschibuti;geography;Länder & Regionen;noun;;;;;"Geografische Bezeichnung; rezeptiv priorisieren.";"Geografische Bezeichnung; rezeptiv priorisieren.";extended;A2;3;3;geography|proper-name|a2|v012;draft;جيبوتي;جيبوتي;;;;neutral;false;"Eigenname/Fachbezeichnung; CLDR-Bezeichnung, redaktionelle Ausspracheprüfung ausstehend."
geo_dk;الدانمرك;الدانمرك;āldānmrk;Dänemark;geography;Länder & Regionen;noun;;;;;"Geografische Bezeichnung; rezeptiv priorisieren.";"Geografische Bezeichnung; rezeptiv priorisieren.";extended;A2;3;3;geography|proper-name|a2|v012;draft;الدانمرك;الدانمرك;;;;neutral;false;"Eigenname/Fachbezeichnung; CLDR-Bezeichnung, redaktionelle Ausspracheprüfung ausstehend."
geo_ec;الإكوادور;الإكوادور;ālikwādwr;Ecuador;geography;Länder & Regionen;noun;;;;;"Geografische Bezeichnung; rezeptiv priorisieren.";"Geografische Bezeichnung; rezeptiv priorisieren.";extended;A2;3;3;geography|proper-name|a2|v012;draft;الإكوادور;الإكوادور;;;;neutral;false;"Eigenname/Fachbezeichnung; CLDR-Bezeichnung, redaktionelle Ausspracheprüfung ausstehend."
geo_sv;السلفادور;السلفادور;ālslfādwr;El Salvador;geography;Länder & Regionen;noun;;;;;"Geografische Bezeichnung; rezeptiv priorisieren.";"Geografische Bezeichnung; rezeptiv priorisieren.";extended;A2;3;3;geography|proper-name|a2|v012;draft;السلفادور;السلفادور;;;;neutral;false;"Eigenname/Fachbezeichnung; CLDR-Bezeichnung, redaktionelle Ausspracheprüfung ausstehend."
geo_er;إريتريا;إريتريا;irytryā;Eritrea;geography;Länder & Regionen;noun;;;;;"Geografische Bezeichnung; rezeptiv priorisieren.";"Geografische Bezeichnung; rezeptiv priorisieren.";extended;A2;3;3;geography|proper-name|a2|v012;draft;إريتريا;إريتريا;;;;neutral;false;"Eigenname/Fachbezeichnung; CLDR-Bezeichnung, redaktionelle Ausspracheprüfung ausstehend."
geo_ee;إستونيا;إستونيا;istwnyā;Estland;geography;Länder & Regionen;noun;;;;;"Geografische Bezeichnung; rezeptiv priorisieren.";"Geografische Bezeichnung; rezeptiv priorisieren.";extended;A2;3;3;geography|proper-name|a2|v012;draft;إستونيا;إستونيا;;;;neutral;false;"Eigenname/Fachbezeichnung; CLDR-Bezeichnung, redaktionelle Ausspracheprüfung ausstehend."
geo_sz;إسواتيني;إسواتيني;iswātyny;Eswatini;geography;Länder & Regionen;noun;;;;;"Geografische Bezeichnung; rezeptiv priorisieren.";"Geografische Bezeichnung; rezeptiv priorisieren.";extended;A2;3;3;geography|proper-name|a2|v012;draft;إسواتيني;إسواتيني;;;;neutral;false;"Eigenname/Fachbezeichnung; CLDR-Bezeichnung, redaktionelle Ausspracheprüfung ausstehend."
geo_fk;جزر فوكلاند;جزر فوكلاند;jzr fwklānd;Falklandinseln;geography;Länder & Regionen;noun;;;;;"Geografische Bezeichnung; rezeptiv priorisieren.";"Geografische Bezeichnung; rezeptiv priorisieren.";extended;A2;3;3;geography|proper-name|a2|v012;draft;جزر فوكلاند;جزر فوكلاند;;;;neutral;false;"Eigenname/Fachbezeichnung; CLDR-Bezeichnung, redaktionelle Ausspracheprüfung ausstehend."
geo_fj;فيجي;فيجي;fyjy;Fidschi;geography;Länder & Regionen;noun;;;;;"Geografische Bezeichnung; rezeptiv priorisieren.";"Geografische Bezeichnung; rezeptiv priorisieren.";extended;A2;3;3;geography|proper-name|a2|v012;draft;فيجي;فيجي;;;;neutral;false;"Eigenname/Fachbezeichnung; CLDR-Bezeichnung, redaktionelle Ausspracheprüfung ausstehend."
geo_fi;فنلندا;فنلندا;fnlndā;Finnland;geography;Länder & Regionen;noun;;;;;"Geografische Bezeichnung; rezeptiv priorisieren.";"Geografische Bezeichnung; rezeptiv priorisieren.";extended;A2;3;3;geography|proper-name|a2|v012;draft;فنلندا;فنلندا;;;;neutral;false;"Eigenname/Fachbezeichnung; CLDR-Bezeichnung, redaktionelle Ausspracheprüfung ausstehend."
geo_fr;فرنسا;فرنسا;frnsā;Frankreich;geography;Länder & Regionen;noun;;;;;"Geografische Bezeichnung; rezeptiv priorisieren.";"Geografische Bezeichnung; rezeptiv priorisieren.";extended;A2;3;3;geography|proper-name|a2|v012;draft;فرنسا;فرنسا;;;;neutral;false;"Eigenname/Fachbezeichnung; CLDR-Bezeichnung, redaktionelle Ausspracheprüfung ausstehend."
geo_gf;غويانا الفرنسية;غويانا الفرنسية;ghwyānā ālfrnsya;Französisch-Guayana;geography;Länder & Regionen;noun;;;;;"Geografische Bezeichnung; rezeptiv priorisieren.";"Geografische Bezeichnung; rezeptiv priorisieren.";extended;A2;3;3;geography|proper-name|a2|v012;draft;غويانا الفرنسية;غويانا الفرنسية;;;;neutral;false;"Eigenname/Fachbezeichnung; CLDR-Bezeichnung, redaktionelle Ausspracheprüfung ausstehend."
geo_pf;بولينيزيا الفرنسية;بولينيزيا الفرنسية;bwlynyzyā ālfrnsya;Französisch-Polynesien;geography;Länder & Regionen;noun;;;;;"Geografische Bezeichnung; rezeptiv priorisieren.";"Geografische Bezeichnung; rezeptiv priorisieren.";extended;A2;3;3;geography|proper-name|a2|v012;draft;بولينيزيا الفرنسية;بولينيزيا الفرنسية;;;;neutral;false;"Eigenname/Fachbezeichnung; CLDR-Bezeichnung, redaktionelle Ausspracheprüfung ausstehend."
geo_tf;الأقاليم الجنوبية الفرنسية;الأقاليم الجنوبية الفرنسية;ālaqālym āljnwbya ālfrnsya;Französische Süd- und Antarktisgebiete;geography;Länder & Regionen;noun;;;;;"Geografische Bezeichnung; rezeptiv priorisieren.";"Geografische Bezeichnung; rezeptiv priorisieren.";extended;A2;3;3;geography|proper-name|a2|v012;draft;الأقاليم الجنوبية الفرنسية;الأقاليم الجنوبية الفرنسية;;;;neutral;false;"Eigenname/Fachbezeichnung; CLDR-Bezeichnung, redaktionelle Ausspracheprüfung ausstehend."
geo_fo;جزر فارو;جزر فارو;jzr fārw;Färöer;geography;Länder & Regionen;noun;;;;;"Geografische Bezeichnung; rezeptiv priorisieren.";"Geografische Bezeichnung; rezeptiv priorisieren.";extended;A2;3;3;geography|proper-name|a2|v012;draft;جزر فارو;جزر فارو;;;;neutral;false;"Eigenname/Fachbezeichnung; CLDR-Bezeichnung, redaktionelle Ausspracheprüfung ausstehend."
geo_ga;الغابون;الغابون;ālghābwn;Gabun;geography;Länder & Regionen;noun;;;;;"Geografische Bezeichnung; rezeptiv priorisieren.";"Geografische Bezeichnung; rezeptiv priorisieren.";extended;A2;3;3;geography|proper-name|a2|v012;draft;الغابون;الغابون;;;;neutral;false;"Eigenname/Fachbezeichnung; CLDR-Bezeichnung, redaktionelle Ausspracheprüfung ausstehend."
geo_gm;غامبيا;غامبيا;ghāmbyā;Gambia;geography;Länder & Regionen;noun;;;;;"Geografische Bezeichnung; rezeptiv priorisieren.";"Geografische Bezeichnung; rezeptiv priorisieren.";extended;A2;3;3;geography|proper-name|a2|v012;draft;غامبيا;غامبيا;;;;neutral;false;"Eigenname/Fachbezeichnung; CLDR-Bezeichnung, redaktionelle Ausspracheprüfung ausstehend."
geo_ge;جورجيا;جورجيا;jwrjyā;Georgien;geography;Länder & Regionen;noun;;;;;"Geografische Bezeichnung; rezeptiv priorisieren.";"Geografische Bezeichnung; rezeptiv priorisieren.";extended;A2;3;3;geography|proper-name|a2|v012;draft;جورجيا;جورجيا;;;;neutral;false;"Eigenname/Fachbezeichnung; CLDR-Bezeichnung, redaktionelle Ausspracheprüfung ausstehend."
geo_gh;غانا;غانا;ghānā;Ghana;geography;Länder & Regionen;noun;;;;;"Geografische Bezeichnung; rezeptiv priorisieren.";"Geografische Bezeichnung; rezeptiv priorisieren.";extended;A2;3;3;geography|proper-name|a2|v012;draft;غانا;غانا;;;;neutral;false;"Eigenname/Fachbezeichnung; CLDR-Bezeichnung, redaktionelle Ausspracheprüfung ausstehend."
geo_gi;جبل طارق;جبل طارق;jbl ṭārq;Gibraltar;geography;Länder & Regionen;noun;;;;;"Geografische Bezeichnung; rezeptiv priorisieren.";"Geografische Bezeichnung; rezeptiv priorisieren.";extended;A2;3;3;geography|proper-name|a2|v012;draft;جبل طارق;جبل طارق;;;;neutral;false;"Eigenname/Fachbezeichnung; CLDR-Bezeichnung, redaktionelle Ausspracheprüfung ausstehend."
geo_gd;غرينادا;غرينادا;ghrynādā;Grenada;geography;Länder & Regionen;noun;;;;;"Geografische Bezeichnung; rezeptiv priorisieren.";"Geografische Bezeichnung; rezeptiv priorisieren.";extended;A2;3;3;geography|proper-name|a2|v012;draft;غرينادا;غرينادا;;;;neutral;false;"Eigenname/Fachbezeichnung; CLDR-Bezeichnung, redaktionelle Ausspracheprüfung ausstehend."
geo_gr;اليونان;اليونان;ālywnān;Griechenland;geography;Länder & Regionen;noun;;;;;"Geografische Bezeichnung; rezeptiv priorisieren.";"Geografische Bezeichnung; rezeptiv priorisieren.";extended;A2;3;3;geography|proper-name|a2|v012;draft;اليونان;اليونان;;;;neutral;false;"Eigenname/Fachbezeichnung; CLDR-Bezeichnung, redaktionelle Ausspracheprüfung ausstehend."
geo_gl;غرينلاند;غرينلاند;ghrynlānd;Grönland;geography;Länder & Regionen;noun;;;;;"Geografische Bezeichnung; rezeptiv priorisieren.";"Geografische Bezeichnung; rezeptiv priorisieren.";extended;A2;3;3;geography|proper-name|a2|v012;draft;غرينلاند;غرينلاند;;;;neutral;false;"Eigenname/Fachbezeichnung; CLDR-Bezeichnung, redaktionelle Ausspracheprüfung ausstehend."
geo_gp;غوادلوب;غوادلوب;ghwādlwb;Guadeloupe;geography;Länder & Regionen;noun;;;;;"Geografische Bezeichnung; rezeptiv priorisieren.";"Geografische Bezeichnung; rezeptiv priorisieren.";extended;A2;3;3;geography|proper-name|a2|v012;draft;غوادلوب;غوادلوب;;;;neutral;false;"Eigenname/Fachbezeichnung; CLDR-Bezeichnung, redaktionelle Ausspracheprüfung ausstehend."
geo_gu;غوام;غوام;ghwām;Guam;geography;Länder & Regionen;noun;;;;;"Geografische Bezeichnung; rezeptiv priorisieren.";"Geografische Bezeichnung; rezeptiv priorisieren.";extended;A2;3;3;geography|proper-name|a2|v012;draft;غوام;غوام;;;;neutral;false;"Eigenname/Fachbezeichnung; CLDR-Bezeichnung, redaktionelle Ausspracheprüfung ausstehend."
geo_gt;غواتيمالا;غواتيمالا;ghwātymālā;Guatemala;geography;Länder & Regionen;noun;;;;;"Geografische Bezeichnung; rezeptiv priorisieren.";"Geografische Bezeichnung; rezeptiv priorisieren.";extended;A2;3;3;geography|proper-name|a2|v012;draft;غواتيمالا;غواتيمالا;;;;neutral;false;"Eigenname/Fachbezeichnung; CLDR-Bezeichnung, redaktionelle Ausspracheprüfung ausstehend."
geo_gg;غيرنزي;غيرنزي;ghyrnzy;Guernsey;geography;Länder & Regionen;noun;;;;;"Geografische Bezeichnung; rezeptiv priorisieren.";"Geografische Bezeichnung; rezeptiv priorisieren.";extended;A2;3;3;geography|proper-name|a2|v012;draft;غيرنزي;غيرنزي;;;;neutral;false;"Eigenname/Fachbezeichnung; CLDR-Bezeichnung, redaktionelle Ausspracheprüfung ausstehend."
geo_gn;غينيا;غينيا;ghynyā;Guinea;geography;Länder & Regionen;noun;;;;;"Geografische Bezeichnung; rezeptiv priorisieren.";"Geografische Bezeichnung; rezeptiv priorisieren.";extended;A2;3;3;geography|proper-name|a2|v012;draft;غينيا;غينيا;;;;neutral;false;"Eigenname/Fachbezeichnung; CLDR-Bezeichnung, redaktionelle Ausspracheprüfung ausstehend."
geo_gw;غينيا بيساو;غينيا بيساو;ghynyā bysāw;Guinea-Bissau;geography;Länder & Regionen;noun;;;;;"Geografische Bezeichnung; rezeptiv priorisieren.";"Geografische Bezeichnung; rezeptiv priorisieren.";extended;A2;3;3;geography|proper-name|a2|v012;draft;غينيا بيساو;غينيا بيساو;;;;neutral;false;"Eigenname/Fachbezeichnung; CLDR-Bezeichnung, redaktionelle Ausspracheprüfung ausstehend."
geo_gy;غيانا;غيانا;ghyānā;Guyana;geography;Länder & Regionen;noun;;;;;"Geografische Bezeichnung; rezeptiv priorisieren.";"Geografische Bezeichnung; rezeptiv priorisieren.";extended;A2;3;3;geography|proper-name|a2|v012;draft;غيانا;غيانا;;;;neutral;false;"Eigenname/Fachbezeichnung; CLDR-Bezeichnung, redaktionelle Ausspracheprüfung ausstehend."
geo_ht;هايتي;هايتي;hāyty;Haiti;geography;Länder & Regionen;noun;;;;;"Geografische Bezeichnung; rezeptiv priorisieren.";"Geografische Bezeichnung; rezeptiv priorisieren.";extended;A2;3;3;geography|proper-name|a2|v012;draft;هايتي;هايتي;;;;neutral;false;"Eigenname/Fachbezeichnung; CLDR-Bezeichnung, redaktionelle Ausspracheprüfung ausstehend."
geo_hm;جزيرة هيرد وجزر ماكدونالد;جزيرة هيرد وجزر ماكدونالد;jzyra hyrd wjzr mākdwnāld;Heard und McDonaldinseln;geography;Länder & Regionen;noun;;;;;"Geografische Bezeichnung; rezeptiv priorisieren.";"Geografische Bezeichnung; rezeptiv priorisieren.";extended;A2;3;3;geography|proper-name|a2|v012;draft;جزيرة هيرد وجزر ماكدونالد;جزيرة هيرد وجزر ماكدونالد;;;;neutral;false;"Eigenname/Fachbezeichnung; CLDR-Bezeichnung, redaktionelle Ausspracheprüfung ausstehend."
geo_hn;هندوراس;هندوراس;hndwrās;Honduras;geography;Länder & Regionen;noun;;;;;"Geografische Bezeichnung; rezeptiv priorisieren.";"Geografische Bezeichnung; rezeptiv priorisieren.";extended;A2;3;3;geography|proper-name|a2|v012;draft;هندوراس;هندوراس;;;;neutral;false;"Eigenname/Fachbezeichnung; CLDR-Bezeichnung, redaktionelle Ausspracheprüfung ausstehend."
geo_in;الهند;الهند;ālhnd;Indien;geography;Länder & Regionen;noun;;;;;"Geografische Bezeichnung; rezeptiv priorisieren.";"Geografische Bezeichnung; rezeptiv priorisieren.";extended;A2;3;3;geography|proper-name|a2|v012;draft;الهند;الهند;;;;neutral;false;"Eigenname/Fachbezeichnung; CLDR-Bezeichnung, redaktionelle Ausspracheprüfung ausstehend."
geo_id;إندونيسيا;إندونيسيا;indwnysyā;Indonesien;geography;Länder & Regionen;noun;;;;;"Geografische Bezeichnung; rezeptiv priorisieren.";"Geografische Bezeichnung; rezeptiv priorisieren.";extended;A2;3;3;geography|proper-name|a2|v012;draft;إندونيسيا;إندونيسيا;;;;neutral;false;"Eigenname/Fachbezeichnung; CLDR-Bezeichnung, redaktionelle Ausspracheprüfung ausstehend."
geo_iq;العراق;العراق;ālʿrāq;Irak;geography;Länder & Regionen;noun;;;;;"Geografische Bezeichnung; rezeptiv priorisieren.";"Geografische Bezeichnung; rezeptiv priorisieren.";extended;A2;3;3;geography|proper-name|a2|v012;draft;العراق;العراق;;;;neutral;false;"Eigenname/Fachbezeichnung; CLDR-Bezeichnung, redaktionelle Ausspracheprüfung ausstehend."
geo_ir;إيران;إيران;iyrān;Iran;geography;Länder & Regionen;noun;;;;;"Geografische Bezeichnung; rezeptiv priorisieren.";"Geografische Bezeichnung; rezeptiv priorisieren.";extended;A2;3;3;geography|proper-name|a2|v012;draft;إيران;إيران;;;;neutral;false;"Eigenname/Fachbezeichnung; CLDR-Bezeichnung, redaktionelle Ausspracheprüfung ausstehend."
geo_ie;أيرلندا;أيرلندا;ayrlndā;Irland;geography;Länder & Regionen;noun;;;;;"Geografische Bezeichnung; rezeptiv priorisieren.";"Geografische Bezeichnung; rezeptiv priorisieren.";extended;A2;3;3;geography|proper-name|a2|v012;draft;أيرلندا;أيرلندا;;;;neutral;false;"Eigenname/Fachbezeichnung; CLDR-Bezeichnung, redaktionelle Ausspracheprüfung ausstehend."
geo_is;آيسلندا;آيسلندا;āyslndā;Island;geography;Länder & Regionen;noun;;;;;"Geografische Bezeichnung; rezeptiv priorisieren.";"Geografische Bezeichnung; rezeptiv priorisieren.";extended;A2;3;3;geography|proper-name|a2|v012;draft;آيسلندا;آيسلندا;;;;neutral;false;"Eigenname/Fachbezeichnung; CLDR-Bezeichnung, redaktionelle Ausspracheprüfung ausstehend."
geo_im;جزيرة مان;جزيرة مان;jzyra mān;Isle of Man;geography;Länder & Regionen;noun;;;;;"Geografische Bezeichnung; rezeptiv priorisieren.";"Geografische Bezeichnung; rezeptiv priorisieren.";extended;A2;3;3;geography|proper-name|a2|v012;draft;جزيرة مان;جزيرة مان;;;;neutral;false;"Eigenname/Fachbezeichnung; CLDR-Bezeichnung, redaktionelle Ausspracheprüfung ausstehend."
geo_il;إسرائيل;إسرائيل;isrāʾyl;Israel;geography;Länder & Regionen;noun;;;;;"Geografische Bezeichnung; rezeptiv priorisieren.";"Geografische Bezeichnung; rezeptiv priorisieren.";extended;A2;3;3;geography|proper-name|a2|v012;draft;إسرائيل;إسرائيل;;;;neutral;false;"Eigenname/Fachbezeichnung; CLDR-Bezeichnung, redaktionelle Ausspracheprüfung ausstehend."
geo_it;إيطاليا;إيطاليا;iyṭālyā;Italien;geography;Länder & Regionen;noun;;;;;"Geografische Bezeichnung; rezeptiv priorisieren.";"Geografische Bezeichnung; rezeptiv priorisieren.";extended;A2;3;3;geography|proper-name|a2|v012;draft;إيطاليا;إيطاليا;;;;neutral;false;"Eigenname/Fachbezeichnung; CLDR-Bezeichnung, redaktionelle Ausspracheprüfung ausstehend."
geo_jm;جامايكا;جامايكا;jāmāykā;Jamaika;geography;Länder & Regionen;noun;;;;;"Geografische Bezeichnung; rezeptiv priorisieren.";"Geografische Bezeichnung; rezeptiv priorisieren.";extended;A2;3;3;geography|proper-name|a2|v012;draft;جامايكا;جامايكا;;;;neutral;false;"Eigenname/Fachbezeichnung; CLDR-Bezeichnung, redaktionelle Ausspracheprüfung ausstehend."
geo_jp;اليابان;اليابان;ālyābān;Japan;geography;Länder & Regionen;noun;;;;;"Geografische Bezeichnung; rezeptiv priorisieren.";"Geografische Bezeichnung; rezeptiv priorisieren.";extended;A2;3;3;geography|proper-name|a2|v012;draft;اليابان;اليابان;;;;neutral;false;"Eigenname/Fachbezeichnung; CLDR-Bezeichnung, redaktionelle Ausspracheprüfung ausstehend."
geo_ye;اليمن;اليمن;ālymn;Jemen;geography;Länder & Regionen;noun;;;;;"Geografische Bezeichnung; rezeptiv priorisieren.";"Geografische Bezeichnung; rezeptiv priorisieren.";extended;A2;3;3;geography|proper-name|a2|v012;draft;اليمن;اليمن;;;;neutral;false;"Eigenname/Fachbezeichnung; CLDR-Bezeichnung, redaktionelle Ausspracheprüfung ausstehend."
geo_je;جيرسي;جيرسي;jyrsy;Jersey;geography;Länder & Regionen;noun;;;;;"Geografische Bezeichnung; rezeptiv priorisieren.";"Geografische Bezeichnung; rezeptiv priorisieren.";extended;A2;3;3;geography|proper-name|a2|v012;draft;جيرسي;جيرسي;;;;neutral;false;"Eigenname/Fachbezeichnung; CLDR-Bezeichnung, redaktionelle Ausspracheprüfung ausstehend."
geo_jo;الأردن;الأردن;ālardn;Jordanien;geography;Länder & Regionen;noun;;;;;"Geografische Bezeichnung; rezeptiv priorisieren.";"Geografische Bezeichnung; rezeptiv priorisieren.";extended;A2;3;3;geography|proper-name|a2|v012;draft;الأردن;الأردن;;;;neutral;false;"Eigenname/Fachbezeichnung; CLDR-Bezeichnung, redaktionelle Ausspracheprüfung ausstehend."
geo_ky;جزر كايمان;جزر كايمان;jzr kāymān;Kaimaninseln;geography;Länder & Regionen;noun;;;;;"Geografische Bezeichnung; rezeptiv priorisieren.";"Geografische Bezeichnung; rezeptiv priorisieren.";extended;A2;3;3;geography|proper-name|a2|v012;draft;جزر كايمان;جزر كايمان;;;;neutral;false;"Eigenname/Fachbezeichnung; CLDR-Bezeichnung, redaktionelle Ausspracheprüfung ausstehend."
geo_kh;كمبوديا;كمبوديا;kmbwdyā;Kambodscha;geography;Länder & Regionen;noun;;;;;"Geografische Bezeichnung; rezeptiv priorisieren.";"Geografische Bezeichnung; rezeptiv priorisieren.";extended;A2;3;3;geography|proper-name|a2|v012;draft;كمبوديا;كمبوديا;;;;neutral;false;"Eigenname/Fachbezeichnung; CLDR-Bezeichnung, redaktionelle Ausspracheprüfung ausstehend."
geo_cm;الكاميرون;الكاميرون;ālkāmyrwn;Kamerun;geography;Länder & Regionen;noun;;;;;"Geografische Bezeichnung; rezeptiv priorisieren.";"Geografische Bezeichnung; rezeptiv priorisieren.";extended;A2;3;3;geography|proper-name|a2|v012;draft;الكاميرون;الكاميرون;;;;neutral;false;"Eigenname/Fachbezeichnung; CLDR-Bezeichnung, redaktionelle Ausspracheprüfung ausstehend."
geo_ca;كندا;كندا;kndā;Kanada;geography;Länder & Regionen;noun;;;;;"Geografische Bezeichnung; rezeptiv priorisieren.";"Geografische Bezeichnung; rezeptiv priorisieren.";extended;A2;3;3;geography|proper-name|a2|v012;draft;كندا;كندا;;;;neutral;false;"Eigenname/Fachbezeichnung; CLDR-Bezeichnung, redaktionelle Ausspracheprüfung ausstehend."
geo_bq;هولندا الكاريبية;هولندا الكاريبية;hwlndā ālkārybya;Karibische Niederlande;geography;Länder & Regionen;noun;;;;;"Geografische Bezeichnung; rezeptiv priorisieren.";"Geografische Bezeichnung; rezeptiv priorisieren.";extended;A2;3;3;geography|proper-name|a2|v012;draft;هولندا الكاريبية;هولندا الكاريبية;;;;neutral;false;"Eigenname/Fachbezeichnung; CLDR-Bezeichnung, redaktionelle Ausspracheprüfung ausstehend."
geo_kz;كازاخستان;كازاخستان;kāzākhstān;Kasachstan;geography;Länder & Regionen;noun;;;;;"Geografische Bezeichnung; rezeptiv priorisieren.";"Geografische Bezeichnung; rezeptiv priorisieren.";extended;A2;3;3;geography|proper-name|a2|v012;draft;كازاخستان;كازاخستان;;;;neutral;false;"Eigenname/Fachbezeichnung; CLDR-Bezeichnung, redaktionelle Ausspracheprüfung ausstehend."
geo_qa;قطر;قطر;qṭr;Katar;geography;Länder & Regionen;noun;;;;;"Geografische Bezeichnung; rezeptiv priorisieren.";"Geografische Bezeichnung; rezeptiv priorisieren.";extended;A2;3;3;geography|proper-name|a2|v012;draft;قطر;قطر;;;;neutral;false;"Eigenname/Fachbezeichnung; CLDR-Bezeichnung, redaktionelle Ausspracheprüfung ausstehend."
geo_ke;كينيا;كينيا;kynyā;Kenia;geography;Länder & Regionen;noun;;;;;"Geografische Bezeichnung; rezeptiv priorisieren.";"Geografische Bezeichnung; rezeptiv priorisieren.";extended;A2;3;3;geography|proper-name|a2|v012;draft;كينيا;كينيا;;;;neutral;false;"Eigenname/Fachbezeichnung; CLDR-Bezeichnung, redaktionelle Ausspracheprüfung ausstehend."
geo_kg;قيرغيزستان;قيرغيزستان;qyrghyzstān;Kirgisistan;geography;Länder & Regionen;noun;;;;;"Geografische Bezeichnung; rezeptiv priorisieren.";"Geografische Bezeichnung; rezeptiv priorisieren.";extended;A2;3;3;geography|proper-name|a2|v012;draft;قيرغيزستان;قيرغيزستان;;;;neutral;false;"Eigenname/Fachbezeichnung; CLDR-Bezeichnung, redaktionelle Ausspracheprüfung ausstehend."
geo_ki;كيريباتي;كيريباتي;kyrybāty;Kiribati;geography;Länder & Regionen;noun;;;;;"Geografische Bezeichnung; rezeptiv priorisieren.";"Geografische Bezeichnung; rezeptiv priorisieren.";extended;A2;3;3;geography|proper-name|a2|v012;draft;كيريباتي;كيريباتي;;;;neutral;false;"Eigenname/Fachbezeichnung; CLDR-Bezeichnung, redaktionelle Ausspracheprüfung ausstehend."
geo_cc;جزر كوكوس (كيلينغ);جزر كوكوس (كيلينغ);jzr kwkws (kylyngh);Kokosinseln;geography;Länder & Regionen;noun;;;;;"Geografische Bezeichnung; rezeptiv priorisieren.";"Geografische Bezeichnung; rezeptiv priorisieren.";extended;A2;3;3;geography|proper-name|a2|v012;draft;جزر كوكوس (كيلينغ);جزر كوكوس (كيلينغ);;;;neutral;false;"Eigenname/Fachbezeichnung; CLDR-Bezeichnung, redaktionelle Ausspracheprüfung ausstehend."
geo_co;كولومبيا;كولومبيا;kwlwmbyā;Kolumbien;geography;Länder & Regionen;noun;;;;;"Geografische Bezeichnung; rezeptiv priorisieren.";"Geografische Bezeichnung; rezeptiv priorisieren.";extended;A2;3;3;geography|proper-name|a2|v012;draft;كولومبيا;كولومبيا;;;;neutral;false;"Eigenname/Fachbezeichnung; CLDR-Bezeichnung, redaktionelle Ausspracheprüfung ausstehend."
geo_km;جزر القمر;جزر القمر;jzr ālqmr;Komoren;geography;Länder & Regionen;noun;;;;;"Geografische Bezeichnung; rezeptiv priorisieren.";"Geografische Bezeichnung; rezeptiv priorisieren.";extended;A2;3;3;geography|proper-name|a2|v012;draft;جزر القمر;جزر القمر;;;;neutral;false;"Eigenname/Fachbezeichnung; CLDR-Bezeichnung, redaktionelle Ausspracheprüfung ausstehend."
geo_cg;الكونغو - برازافيل;الكونغو - برازافيل;ālkwnghw - brāzāfyl;Kongo-Brazzaville;geography;Länder & Regionen;noun;;;;;"Geografische Bezeichnung; rezeptiv priorisieren.";"Geografische Bezeichnung; rezeptiv priorisieren.";extended;A2;3;3;geography|proper-name|a2|v012;draft;الكونغو - برازافيل;الكونغو - برازافيل;;;;neutral;false;"Eigenname/Fachbezeichnung; CLDR-Bezeichnung, redaktionelle Ausspracheprüfung ausstehend."
geo_cd;الكونغو - كينشاسا;الكونغو - كينشاسا;ālkwnghw - kynshāsā;Kongo-Kinshasa;geography;Länder & Regionen;noun;;;;;"Geografische Bezeichnung; rezeptiv priorisieren.";"Geografische Bezeichnung; rezeptiv priorisieren.";extended;A2;3;3;geography|proper-name|a2|v012;draft;الكونغو - كينشاسا;الكونغو - كينشاسا;;;;neutral;false;"Eigenname/Fachbezeichnung; CLDR-Bezeichnung, redaktionelle Ausspracheprüfung ausstehend."
geo_hr;كرواتيا;كرواتيا;krwātyā;Kroatien;geography;Länder & Regionen;noun;;;;;"Geografische Bezeichnung; rezeptiv priorisieren.";"Geografische Bezeichnung; rezeptiv priorisieren.";extended;A2;3;3;geography|proper-name|a2|v012;draft;كرواتيا;كرواتيا;;;;neutral;false;"Eigenname/Fachbezeichnung; CLDR-Bezeichnung, redaktionelle Ausspracheprüfung ausstehend."
geo_cu;كوبا;كوبا;kwbā;Kuba;geography;Länder & Regionen;noun;;;;;"Geografische Bezeichnung; rezeptiv priorisieren.";"Geografische Bezeichnung; rezeptiv priorisieren.";extended;A2;3;3;geography|proper-name|a2|v012;draft;كوبا;كوبا;;;;neutral;false;"Eigenname/Fachbezeichnung; CLDR-Bezeichnung, redaktionelle Ausspracheprüfung ausstehend."
geo_kw;الكويت;الكويت;ālkwyt;Kuwait;geography;Länder & Regionen;noun;;;;;"Geografische Bezeichnung; rezeptiv priorisieren.";"Geografische Bezeichnung; rezeptiv priorisieren.";extended;A2;3;3;geography|proper-name|a2|v012;draft;الكويت;الكويت;;;;neutral;false;"Eigenname/Fachbezeichnung; CLDR-Bezeichnung, redaktionelle Ausspracheprüfung ausstehend."
geo_la;لاوس;لاوس;lāws;Laos;geography;Länder & Regionen;noun;;;;;"Geografische Bezeichnung; rezeptiv priorisieren.";"Geografische Bezeichnung; rezeptiv priorisieren.";extended;A2;3;3;geography|proper-name|a2|v012;draft;لاوس;لاوس;;;;neutral;false;"Eigenname/Fachbezeichnung; CLDR-Bezeichnung, redaktionelle Ausspracheprüfung ausstehend."
geo_ls;ليسوتو;ليسوتو;lyswtw;Lesotho;geography;Länder & Regionen;noun;;;;;"Geografische Bezeichnung; rezeptiv priorisieren.";"Geografische Bezeichnung; rezeptiv priorisieren.";extended;A2;3;3;geography|proper-name|a2|v012;draft;ليسوتو;ليسوتو;;;;neutral;false;"Eigenname/Fachbezeichnung; CLDR-Bezeichnung, redaktionelle Ausspracheprüfung ausstehend."
geo_lv;لاتفيا;لاتفيا;lātfyā;Lettland;geography;Länder & Regionen;noun;;;;;"Geografische Bezeichnung; rezeptiv priorisieren.";"Geografische Bezeichnung; rezeptiv priorisieren.";extended;A2;3;3;geography|proper-name|a2|v012;draft;لاتفيا;لاتفيا;;;;neutral;false;"Eigenname/Fachbezeichnung; CLDR-Bezeichnung, redaktionelle Ausspracheprüfung ausstehend."
geo_lb;لبنان;لبنان;lbnān;Libanon;geography;Länder & Regionen;noun;;;;;"Geografische Bezeichnung; rezeptiv priorisieren.";"Geografische Bezeichnung; rezeptiv priorisieren.";extended;A2;3;3;geography|proper-name|a2|v012;draft;لبنان;لبنان;;;;neutral;false;"Eigenname/Fachbezeichnung; CLDR-Bezeichnung, redaktionelle Ausspracheprüfung ausstehend."
geo_lr;ليبيريا;ليبيريا;lybyryā;Liberia;geography;Länder & Regionen;noun;;;;;"Geografische Bezeichnung; rezeptiv priorisieren.";"Geografische Bezeichnung; rezeptiv priorisieren.";extended;A2;3;3;geography|proper-name|a2|v012;draft;ليبيريا;ليبيريا;;;;neutral;false;"Eigenname/Fachbezeichnung; CLDR-Bezeichnung, redaktionelle Ausspracheprüfung ausstehend."
geo_ly;ليبيا;ليبيا;lybyā;Libyen;geography;Länder & Regionen;noun;;;;;"Geografische Bezeichnung; rezeptiv priorisieren.";"Geografische Bezeichnung; rezeptiv priorisieren.";extended;A2;3;3;geography|proper-name|a2|v012;draft;ليبيا;ليبيا;;;;neutral;false;"Eigenname/Fachbezeichnung; CLDR-Bezeichnung, redaktionelle Ausspracheprüfung ausstehend."
geo_li;ليختنشتاين;ليختنشتاين;lykhtnshtāyn;Liechtenstein;geography;Länder & Regionen;noun;;;;;"Geografische Bezeichnung; rezeptiv priorisieren.";"Geografische Bezeichnung; rezeptiv priorisieren.";extended;A2;3;3;geography|proper-name|a2|v012;draft;ليختنشتاين;ليختنشتاين;;;;neutral;false;"Eigenname/Fachbezeichnung; CLDR-Bezeichnung, redaktionelle Ausspracheprüfung ausstehend."
geo_lt;ليتوانيا;ليتوانيا;lytwānyā;Litauen;geography;Länder & Regionen;noun;;;;;"Geografische Bezeichnung; rezeptiv priorisieren.";"Geografische Bezeichnung; rezeptiv priorisieren.";extended;A2;3;3;geography|proper-name|a2|v012;draft;ليتوانيا;ليتوانيا;;;;neutral;false;"Eigenname/Fachbezeichnung; CLDR-Bezeichnung, redaktionelle Ausspracheprüfung ausstehend."
geo_lu;لوكسمبورغ;لوكسمبورغ;lwksmbwrgh;Luxemburg;geography;Länder & Regionen;noun;;;;;"Geografische Bezeichnung; rezeptiv priorisieren.";"Geografische Bezeichnung; rezeptiv priorisieren.";extended;A2;3;3;geography|proper-name|a2|v012;draft;لوكسمبورغ;لوكسمبورغ;;;;neutral;false;"Eigenname/Fachbezeichnung; CLDR-Bezeichnung, redaktionelle Ausspracheprüfung ausstehend."
geo_mg;مدغشقر;مدغشقر;mdghshqr;Madagaskar;geography;Länder & Regionen;noun;;;;;"Geografische Bezeichnung; rezeptiv priorisieren.";"Geografische Bezeichnung; rezeptiv priorisieren.";extended;A2;3;3;geography|proper-name|a2|v012;draft;مدغشقر;مدغشقر;;;;neutral;false;"Eigenname/Fachbezeichnung; CLDR-Bezeichnung, redaktionelle Ausspracheprüfung ausstehend."
geo_mw;ملاوي;ملاوي;mlāwy;Malawi;geography;Länder & Regionen;noun;;;;;"Geografische Bezeichnung; rezeptiv priorisieren.";"Geografische Bezeichnung; rezeptiv priorisieren.";extended;A2;3;3;geography|proper-name|a2|v012;draft;ملاوي;ملاوي;;;;neutral;false;"Eigenname/Fachbezeichnung; CLDR-Bezeichnung, redaktionelle Ausspracheprüfung ausstehend."
geo_my;ماليزيا;ماليزيا;mālyzyā;Malaysia;geography;Länder & Regionen;noun;;;;;"Geografische Bezeichnung; rezeptiv priorisieren.";"Geografische Bezeichnung; rezeptiv priorisieren.";extended;A2;3;3;geography|proper-name|a2|v012;draft;ماليزيا;ماليزيا;;;;neutral;false;"Eigenname/Fachbezeichnung; CLDR-Bezeichnung, redaktionelle Ausspracheprüfung ausstehend."
geo_mv;جزر المالديف;جزر المالديف;jzr ālmāldyf;Malediven;geography;Länder & Regionen;noun;;;;;"Geografische Bezeichnung; rezeptiv priorisieren.";"Geografische Bezeichnung; rezeptiv priorisieren.";extended;A2;3;3;geography|proper-name|a2|v012;draft;جزر المالديف;جزر المالديف;;;;neutral;false;"Eigenname/Fachbezeichnung; CLDR-Bezeichnung, redaktionelle Ausspracheprüfung ausstehend."
geo_ml;مالي;مالي;māly;Mali;geography;Länder & Regionen;noun;;;;;"Geografische Bezeichnung; rezeptiv priorisieren.";"Geografische Bezeichnung; rezeptiv priorisieren.";extended;A2;3;3;geography|proper-name|a2|v012;draft;مالي;مالي;;;;neutral;false;"Eigenname/Fachbezeichnung; CLDR-Bezeichnung, redaktionelle Ausspracheprüfung ausstehend."
geo_mt;مالطا;مالطا;mālṭā;Malta;geography;Länder & Regionen;noun;;;;;"Geografische Bezeichnung; rezeptiv priorisieren.";"Geografische Bezeichnung; rezeptiv priorisieren.";extended;A2;3;3;geography|proper-name|a2|v012;draft;مالطا;مالطا;;;;neutral;false;"Eigenname/Fachbezeichnung; CLDR-Bezeichnung, redaktionelle Ausspracheprüfung ausstehend."
geo_ma;المغرب;المغرب;ālmghrb;Marokko;geography;Länder & Regionen;noun;;;;;"Geografische Bezeichnung; rezeptiv priorisieren.";"Geografische Bezeichnung; rezeptiv priorisieren.";extended;A2;3;3;geography|proper-name|a2|v012;draft;المغرب;المغرب;;;;neutral;false;"Eigenname/Fachbezeichnung; CLDR-Bezeichnung, redaktionelle Ausspracheprüfung ausstehend."
geo_mh;جزر مارشال;جزر مارشال;jzr mārshāl;Marshallinseln;geography;Länder & Regionen;noun;;;;;"Geografische Bezeichnung; rezeptiv priorisieren.";"Geografische Bezeichnung; rezeptiv priorisieren.";extended;A2;3;3;geography|proper-name|a2|v012;draft;جزر مارشال;جزر مارشال;;;;neutral;false;"Eigenname/Fachbezeichnung; CLDR-Bezeichnung, redaktionelle Ausspracheprüfung ausstehend."
geo_mq;جزر المارتينيك;جزر المارتينيك;jzr ālmārtynyk;Martinique;geography;Länder & Regionen;noun;;;;;"Geografische Bezeichnung; rezeptiv priorisieren.";"Geografische Bezeichnung; rezeptiv priorisieren.";extended;A2;3;3;geography|proper-name|a2|v012;draft;جزر المارتينيك;جزر المارتينيك;;;;neutral;false;"Eigenname/Fachbezeichnung; CLDR-Bezeichnung, redaktionelle Ausspracheprüfung ausstehend."
geo_mr;موريتانيا;موريتانيا;mwrytānyā;Mauretanien;geography;Länder & Regionen;noun;;;;;"Geografische Bezeichnung; rezeptiv priorisieren.";"Geografische Bezeichnung; rezeptiv priorisieren.";extended;A2;3;3;geography|proper-name|a2|v012;draft;موريتانيا;موريتانيا;;;;neutral;false;"Eigenname/Fachbezeichnung; CLDR-Bezeichnung, redaktionelle Ausspracheprüfung ausstehend."
geo_mu;موريشيوس;موريشيوس;mwryshyws;Mauritius;geography;Länder & Regionen;noun;;;;;"Geografische Bezeichnung; rezeptiv priorisieren.";"Geografische Bezeichnung; rezeptiv priorisieren.";extended;A2;3;3;geography|proper-name|a2|v012;draft;موريشيوس;موريشيوس;;;;neutral;false;"Eigenname/Fachbezeichnung; CLDR-Bezeichnung, redaktionelle Ausspracheprüfung ausstehend."
geo_yt;مايوت;مايوت;māywt;Mayotte;geography;Länder & Regionen;noun;;;;;"Geografische Bezeichnung; rezeptiv priorisieren.";"Geografische Bezeichnung; rezeptiv priorisieren.";extended;A2;3;3;geography|proper-name|a2|v012;draft;مايوت;مايوت;;;;neutral;false;"Eigenname/Fachbezeichnung; CLDR-Bezeichnung, redaktionelle Ausspracheprüfung ausstehend."
geo_mx;المكسيك;المكسيك;ālmksyk;Mexiko;geography;Länder & Regionen;noun;;;;;"Geografische Bezeichnung; rezeptiv priorisieren.";"Geografische Bezeichnung; rezeptiv priorisieren.";extended;A2;3;3;geography|proper-name|a2|v012;draft;المكسيك;المكسيك;;;;neutral;false;"Eigenname/Fachbezeichnung; CLDR-Bezeichnung, redaktionelle Ausspracheprüfung ausstehend."
geo_fm;ميكرونيزيا;ميكرونيزيا;mykrwnyzyā;Mikronesien;geography;Länder & Regionen;noun;;;;;"Geografische Bezeichnung; rezeptiv priorisieren.";"Geografische Bezeichnung; rezeptiv priorisieren.";extended;A2;3;3;geography|proper-name|a2|v012;draft;ميكرونيزيا;ميكرونيزيا;;;;neutral;false;"Eigenname/Fachbezeichnung; CLDR-Bezeichnung, redaktionelle Ausspracheprüfung ausstehend."
geo_mc;موناكو;موناكو;mwnākw;Monaco;geography;Länder & Regionen;noun;;;;;"Geografische Bezeichnung; rezeptiv priorisieren.";"Geografische Bezeichnung; rezeptiv priorisieren.";extended;A2;3;3;geography|proper-name|a2|v012;draft;موناكو;موناكو;;;;neutral;false;"Eigenname/Fachbezeichnung; CLDR-Bezeichnung, redaktionelle Ausspracheprüfung ausstehend."
geo_mn;منغوليا;منغوليا;mnghwlyā;Mongolei;geography;Länder & Regionen;noun;;;;;"Geografische Bezeichnung; rezeptiv priorisieren.";"Geografische Bezeichnung; rezeptiv priorisieren.";extended;A2;3;3;geography|proper-name|a2|v012;draft;منغوليا;منغوليا;;;;neutral;false;"Eigenname/Fachbezeichnung; CLDR-Bezeichnung, redaktionelle Ausspracheprüfung ausstehend."
geo_me;الجبل الأسود;الجبل الأسود;āljbl ālaswd;Montenegro;geography;Länder & Regionen;noun;;;;;"Geografische Bezeichnung; rezeptiv priorisieren.";"Geografische Bezeichnung; rezeptiv priorisieren.";extended;A2;3;3;geography|proper-name|a2|v012;draft;الجبل الأسود;الجبل الأسود;;;;neutral;false;"Eigenname/Fachbezeichnung; CLDR-Bezeichnung, redaktionelle Ausspracheprüfung ausstehend."
geo_ms;مونتسرات;مونتسرات;mwntsrāt;Montserrat;geography;Länder & Regionen;noun;;;;;"Geografische Bezeichnung; rezeptiv priorisieren.";"Geografische Bezeichnung; rezeptiv priorisieren.";extended;A2;3;3;geography|proper-name|a2|v012;draft;مونتسرات;مونتسرات;;;;neutral;false;"Eigenname/Fachbezeichnung; CLDR-Bezeichnung, redaktionelle Ausspracheprüfung ausstehend."
geo_mz;موزمبيق;موزمبيق;mwzmbyq;Mosambik;geography;Länder & Regionen;noun;;;;;"Geografische Bezeichnung; rezeptiv priorisieren.";"Geografische Bezeichnung; rezeptiv priorisieren.";extended;A2;3;3;geography|proper-name|a2|v012;draft;موزمبيق;موزمبيق;;;;neutral;false;"Eigenname/Fachbezeichnung; CLDR-Bezeichnung, redaktionelle Ausspracheprüfung ausstehend."
geo_mm;ميانمار (بورما);ميانمار (بورما);myānmār (bwrmā);Myanmar;geography;Länder & Regionen;noun;;;;;"Geografische Bezeichnung; rezeptiv priorisieren.";"Geografische Bezeichnung; rezeptiv priorisieren.";extended;A2;3;3;geography|proper-name|a2|v012;draft;ميانمار (بورما);ميانمار (بورما);;;;neutral;false;"Eigenname/Fachbezeichnung; CLDR-Bezeichnung, redaktionelle Ausspracheprüfung ausstehend."
geo_na;ناميبيا;ناميبيا;nāmybyā;Namibia;geography;Länder & Regionen;noun;;;;;"Geografische Bezeichnung; rezeptiv priorisieren.";"Geografische Bezeichnung; rezeptiv priorisieren.";extended;A2;3;3;geography|proper-name|a2|v012;draft;ناميبيا;ناميبيا;;;;neutral;false;"Eigenname/Fachbezeichnung; CLDR-Bezeichnung, redaktionelle Ausspracheprüfung ausstehend."
geo_nr;ناورو;ناورو;nāwrw;Nauru;geography;Länder & Regionen;noun;;;;;"Geografische Bezeichnung; rezeptiv priorisieren.";"Geografische Bezeichnung; rezeptiv priorisieren.";extended;A2;3;3;geography|proper-name|a2|v012;draft;ناورو;ناورو;;;;neutral;false;"Eigenname/Fachbezeichnung; CLDR-Bezeichnung, redaktionelle Ausspracheprüfung ausstehend."
geo_np;نيبال;نيبال;nybāl;Nepal;geography;Länder & Regionen;noun;;;;;"Geografische Bezeichnung; rezeptiv priorisieren.";"Geografische Bezeichnung; rezeptiv priorisieren.";extended;A2;3;3;geography|proper-name|a2|v012;draft;نيبال;نيبال;;;;neutral;false;"Eigenname/Fachbezeichnung; CLDR-Bezeichnung, redaktionelle Ausspracheprüfung ausstehend."
geo_nc;كاليدونيا الجديدة;كاليدونيا الجديدة;kālydwnyā āljdyda;Neukaledonien;geography;Länder & Regionen;noun;;;;;"Geografische Bezeichnung; rezeptiv priorisieren.";"Geografische Bezeichnung; rezeptiv priorisieren.";extended;A2;3;3;geography|proper-name|a2|v012;draft;كاليدونيا الجديدة;كاليدونيا الجديدة;;;;neutral;false;"Eigenname/Fachbezeichnung; CLDR-Bezeichnung, redaktionelle Ausspracheprüfung ausstehend."
geo_nz;نيوزيلندا;نيوزيلندا;nywzylndā;Neuseeland;geography;Länder & Regionen;noun;;;;;"Geografische Bezeichnung; rezeptiv priorisieren.";"Geografische Bezeichnung; rezeptiv priorisieren.";extended;A2;3;3;geography|proper-name|a2|v012;draft;نيوزيلندا;نيوزيلندا;;;;neutral;false;"Eigenname/Fachbezeichnung; CLDR-Bezeichnung, redaktionelle Ausspracheprüfung ausstehend."
geo_ni;نيكاراغوا;نيكاراغوا;nykārāghwā;Nicaragua;geography;Länder & Regionen;noun;;;;;"Geografische Bezeichnung; rezeptiv priorisieren.";"Geografische Bezeichnung; rezeptiv priorisieren.";extended;A2;3;3;geography|proper-name|a2|v012;draft;نيكاراغوا;نيكاراغوا;;;;neutral;false;"Eigenname/Fachbezeichnung; CLDR-Bezeichnung, redaktionelle Ausspracheprüfung ausstehend."
geo_nl;هولندا;هولندا;hwlndā;Niederlande;geography;Länder & Regionen;noun;;;;;"Geografische Bezeichnung; rezeptiv priorisieren.";"Geografische Bezeichnung; rezeptiv priorisieren.";extended;A2;3;3;geography|proper-name|a2|v012;draft;هولندا;هولندا;;;;neutral;false;"Eigenname/Fachbezeichnung; CLDR-Bezeichnung, redaktionelle Ausspracheprüfung ausstehend."
geo_ne;النيجر;النيجر;ālnyjr;Niger;geography;Länder & Regionen;noun;;;;;"Geografische Bezeichnung; rezeptiv priorisieren.";"Geografische Bezeichnung; rezeptiv priorisieren.";extended;A2;3;3;geography|proper-name|a2|v012;draft;النيجر;النيجر;;;;neutral;false;"Eigenname/Fachbezeichnung; CLDR-Bezeichnung, redaktionelle Ausspracheprüfung ausstehend."
geo_ng;نيجيريا;نيجيريا;nyjyryā;Nigeria;geography;Länder & Regionen;noun;;;;;"Geografische Bezeichnung; rezeptiv priorisieren.";"Geografische Bezeichnung; rezeptiv priorisieren.";extended;A2;3;3;geography|proper-name|a2|v012;draft;نيجيريا;نيجيريا;;;;neutral;false;"Eigenname/Fachbezeichnung; CLDR-Bezeichnung, redaktionelle Ausspracheprüfung ausstehend."
geo_nu;نيوي;نيوي;nywy;Niue;geography;Länder & Regionen;noun;;;;;"Geografische Bezeichnung; rezeptiv priorisieren.";"Geografische Bezeichnung; rezeptiv priorisieren.";extended;A2;3;3;geography|proper-name|a2|v012;draft;نيوي;نيوي;;;;neutral;false;"Eigenname/Fachbezeichnung; CLDR-Bezeichnung, redaktionelle Ausspracheprüfung ausstehend."
geo_kp;كوريا الشمالية;كوريا الشمالية;kwryā ālshmālya;Nordkorea;geography;Länder & Regionen;noun;;;;;"Geografische Bezeichnung; rezeptiv priorisieren.";"Geografische Bezeichnung; rezeptiv priorisieren.";extended;A2;3;3;geography|proper-name|a2|v012;draft;كوريا الشمالية;كوريا الشمالية;;;;neutral;false;"Eigenname/Fachbezeichnung; CLDR-Bezeichnung, redaktionelle Ausspracheprüfung ausstehend."
geo_mk;مقدونيا الشمالية;مقدونيا الشمالية;mqdwnyā ālshmālya;Nordmazedonien;geography;Länder & Regionen;noun;;;;;"Geografische Bezeichnung; rezeptiv priorisieren.";"Geografische Bezeichnung; rezeptiv priorisieren.";extended;A2;3;3;geography|proper-name|a2|v012;draft;مقدونيا الشمالية;مقدونيا الشمالية;;;;neutral;false;"Eigenname/Fachbezeichnung; CLDR-Bezeichnung, redaktionelle Ausspracheprüfung ausstehend."
geo_nf;جزيرة نورفولك;جزيرة نورفولك;jzyra nwrfwlk;Norfolkinsel;geography;Länder & Regionen;noun;;;;;"Geografische Bezeichnung; rezeptiv priorisieren.";"Geografische Bezeichnung; rezeptiv priorisieren.";extended;A2;3;3;geography|proper-name|a2|v012;draft;جزيرة نورفولك;جزيرة نورفولك;;;;neutral;false;"Eigenname/Fachbezeichnung; CLDR-Bezeichnung, redaktionelle Ausspracheprüfung ausstehend."
geo_no;النرويج;النرويج;ālnrwyj;Norwegen;geography;Länder & Regionen;noun;;;;;"Geografische Bezeichnung; rezeptiv priorisieren.";"Geografische Bezeichnung; rezeptiv priorisieren.";extended;A2;3;3;geography|proper-name|a2|v012;draft;النرويج;النرويج;;;;neutral;false;"Eigenname/Fachbezeichnung; CLDR-Bezeichnung, redaktionelle Ausspracheprüfung ausstehend."
geo_mp;جزر ماريانا الشمالية;جزر ماريانا الشمالية;jzr māryānā ālshmālya;Nördliche Marianen;geography;Länder & Regionen;noun;;;;;"Geografische Bezeichnung; rezeptiv priorisieren.";"Geografische Bezeichnung; rezeptiv priorisieren.";extended;A2;3;3;geography|proper-name|a2|v012;draft;جزر ماريانا الشمالية;جزر ماريانا الشمالية;;;;neutral;false;"Eigenname/Fachbezeichnung; CLDR-Bezeichnung, redaktionelle Ausspracheprüfung ausstehend."
geo_om;عُمان;عُمان;ʿumān;Oman;geography;Länder & Regionen;noun;;;;;"Geografische Bezeichnung; rezeptiv priorisieren.";"Geografische Bezeichnung; rezeptiv priorisieren.";extended;A2;3;3;geography|proper-name|a2|v012;draft;عُمان;عُمان;;;;neutral;false;"Eigenname/Fachbezeichnung; CLDR-Bezeichnung, redaktionelle Ausspracheprüfung ausstehend."
geo_pk;باكستان;باكستان;bākstān;Pakistan;geography;Länder & Regionen;noun;;;;;"Geografische Bezeichnung; rezeptiv priorisieren.";"Geografische Bezeichnung; rezeptiv priorisieren.";extended;A2;3;3;geography|proper-name|a2|v012;draft;باكستان;باكستان;;;;neutral;false;"Eigenname/Fachbezeichnung; CLDR-Bezeichnung, redaktionelle Ausspracheprüfung ausstehend."
geo_pw;بالاو;بالاو;bālāw;Palau;geography;Länder & Regionen;noun;;;;;"Geografische Bezeichnung; rezeptiv priorisieren.";"Geografische Bezeichnung; rezeptiv priorisieren.";extended;A2;3;3;geography|proper-name|a2|v012;draft;بالاو;بالاو;;;;neutral;false;"Eigenname/Fachbezeichnung; CLDR-Bezeichnung, redaktionelle Ausspracheprüfung ausstehend."
geo_ps;الأراضي الفلسطينية;الأراضي الفلسطينية;ālarāḍy ālflsṭynya;Palästinensische Autonomiegebiete;geography;Länder & Regionen;noun;;;;;"Geografische Bezeichnung; rezeptiv priorisieren.";"Geografische Bezeichnung; rezeptiv priorisieren.";extended;A2;3;3;geography|proper-name|a2|v012;draft;الأراضي الفلسطينية;الأراضي الفلسطينية;;;;neutral;false;"Eigenname/Fachbezeichnung; CLDR-Bezeichnung, redaktionelle Ausspracheprüfung ausstehend."
geo_pa;بنما;بنما;bnmā;Panama;geography;Länder & Regionen;noun;;;;;"Geografische Bezeichnung; rezeptiv priorisieren.";"Geografische Bezeichnung; rezeptiv priorisieren.";extended;A2;3;3;geography|proper-name|a2|v012;draft;بنما;بنما;;;;neutral;false;"Eigenname/Fachbezeichnung; CLDR-Bezeichnung, redaktionelle Ausspracheprüfung ausstehend."
geo_pg;بابوا غينيا الجديدة;بابوا غينيا الجديدة;bābwā ghynyā āljdyda;Papua-Neuguinea;geography;Länder & Regionen;noun;;;;;"Geografische Bezeichnung; rezeptiv priorisieren.";"Geografische Bezeichnung; rezeptiv priorisieren.";extended;A2;3;3;geography|proper-name|a2|v012;draft;بابوا غينيا الجديدة;بابوا غينيا الجديدة;;;;neutral;false;"Eigenname/Fachbezeichnung; CLDR-Bezeichnung, redaktionelle Ausspracheprüfung ausstehend."
geo_py;باراغواي;باراغواي;bārāghwāy;Paraguay;geography;Länder & Regionen;noun;;;;;"Geografische Bezeichnung; rezeptiv priorisieren.";"Geografische Bezeichnung; rezeptiv priorisieren.";extended;A2;3;3;geography|proper-name|a2|v012;draft;باراغواي;باراغواي;;;;neutral;false;"Eigenname/Fachbezeichnung; CLDR-Bezeichnung, redaktionelle Ausspracheprüfung ausstehend."
geo_pe;بيرو;بيرو;byrw;Peru;geography;Länder & Regionen;noun;;;;;"Geografische Bezeichnung; rezeptiv priorisieren.";"Geografische Bezeichnung; rezeptiv priorisieren.";extended;A2;3;3;geography|proper-name|a2|v012;draft;بيرو;بيرو;;;;neutral;false;"Eigenname/Fachbezeichnung; CLDR-Bezeichnung, redaktionelle Ausspracheprüfung ausstehend."
geo_ph;الفلبين;الفلبين;ālflbyn;Philippinen;geography;Länder & Regionen;noun;;;;;"Geografische Bezeichnung; rezeptiv priorisieren.";"Geografische Bezeichnung; rezeptiv priorisieren.";extended;A2;3;3;geography|proper-name|a2|v012;draft;الفلبين;الفلبين;;;;neutral;false;"Eigenname/Fachbezeichnung; CLDR-Bezeichnung, redaktionelle Ausspracheprüfung ausstehend."
geo_pn;جزر بيتكيرن;جزر بيتكيرن;jzr bytkyrn;Pitcairninseln;geography;Länder & Regionen;noun;;;;;"Geografische Bezeichnung; rezeptiv priorisieren.";"Geografische Bezeichnung; rezeptiv priorisieren.";extended;A2;3;3;geography|proper-name|a2|v012;draft;جزر بيتكيرن;جزر بيتكيرن;;;;neutral;false;"Eigenname/Fachbezeichnung; CLDR-Bezeichnung, redaktionelle Ausspracheprüfung ausstehend."
geo_pl;بولندا;بولندا;bwlndā;Polen;geography;Länder & Regionen;noun;;;;;"Geografische Bezeichnung; rezeptiv priorisieren.";"Geografische Bezeichnung; rezeptiv priorisieren.";extended;A2;3;3;geography|proper-name|a2|v012;draft;بولندا;بولندا;;;;neutral;false;"Eigenname/Fachbezeichnung; CLDR-Bezeichnung, redaktionelle Ausspracheprüfung ausstehend."
geo_pt;البرتغال;البرتغال;ālbrtghāl;Portugal;geography;Länder & Regionen;noun;;;;;"Geografische Bezeichnung; rezeptiv priorisieren.";"Geografische Bezeichnung; rezeptiv priorisieren.";extended;A2;3;3;geography|proper-name|a2|v012;draft;البرتغال;البرتغال;;;;neutral;false;"Eigenname/Fachbezeichnung; CLDR-Bezeichnung, redaktionelle Ausspracheprüfung ausstehend."
geo_pr;بورتوريكو;بورتوريكو;bwrtwrykw;Puerto Rico;geography;Länder & Regionen;noun;;;;;"Geografische Bezeichnung; rezeptiv priorisieren.";"Geografische Bezeichnung; rezeptiv priorisieren.";extended;A2;3;3;geography|proper-name|a2|v012;draft;بورتوريكو;بورتوريكو;;;;neutral;false;"Eigenname/Fachbezeichnung; CLDR-Bezeichnung, redaktionelle Ausspracheprüfung ausstehend."
geo_md;مولدوفا;مولدوفا;mwldwfā;Republik Moldau;geography;Länder & Regionen;noun;;;;;"Geografische Bezeichnung; rezeptiv priorisieren.";"Geografische Bezeichnung; rezeptiv priorisieren.";extended;A2;3;3;geography|proper-name|a2|v012;draft;مولدوفا;مولدوفا;;;;neutral;false;"Eigenname/Fachbezeichnung; CLDR-Bezeichnung, redaktionelle Ausspracheprüfung ausstehend."
geo_rw;رواندا;رواندا;rwāndā;Ruanda;geography;Länder & Regionen;noun;;;;;"Geografische Bezeichnung; rezeptiv priorisieren.";"Geografische Bezeichnung; rezeptiv priorisieren.";extended;A2;3;3;geography|proper-name|a2|v012;draft;رواندا;رواندا;;;;neutral;false;"Eigenname/Fachbezeichnung; CLDR-Bezeichnung, redaktionelle Ausspracheprüfung ausstehend."
geo_ro;رومانيا;رومانيا;rwmānyā;Rumänien;geography;Länder & Regionen;noun;;;;;"Geografische Bezeichnung; rezeptiv priorisieren.";"Geografische Bezeichnung; rezeptiv priorisieren.";extended;A2;3;3;geography|proper-name|a2|v012;draft;رومانيا;رومانيا;;;;neutral;false;"Eigenname/Fachbezeichnung; CLDR-Bezeichnung, redaktionelle Ausspracheprüfung ausstehend."
geo_ru;روسيا;روسيا;rwsyā;Russland;geography;Länder & Regionen;noun;;;;;"Geografische Bezeichnung; rezeptiv priorisieren.";"Geografische Bezeichnung; rezeptiv priorisieren.";extended;A2;3;3;geography|proper-name|a2|v012;draft;روسيا;روسيا;;;;neutral;false;"Eigenname/Fachbezeichnung; CLDR-Bezeichnung, redaktionelle Ausspracheprüfung ausstehend."
geo_re;روينيون;روينيون;rwynywn;Réunion;geography;Länder & Regionen;noun;;;;;"Geografische Bezeichnung; rezeptiv priorisieren.";"Geografische Bezeichnung; rezeptiv priorisieren.";extended;A2;3;3;geography|proper-name|a2|v012;draft;روينيون;روينيون;;;;neutral;false;"Eigenname/Fachbezeichnung; CLDR-Bezeichnung, redaktionelle Ausspracheprüfung ausstehend."
geo_sb;جزر سليمان;جزر سليمان;jzr slymān;Salomonen;geography;Länder & Regionen;noun;;;;;"Geografische Bezeichnung; rezeptiv priorisieren.";"Geografische Bezeichnung; rezeptiv priorisieren.";extended;A2;3;3;geography|proper-name|a2|v012;draft;جزر سليمان;جزر سليمان;;;;neutral;false;"Eigenname/Fachbezeichnung; CLDR-Bezeichnung, redaktionelle Ausspracheprüfung ausstehend."
geo_zm;زامبيا;زامبيا;zāmbyā;Sambia;geography;Länder & Regionen;noun;;;;;"Geografische Bezeichnung; rezeptiv priorisieren.";"Geografische Bezeichnung; rezeptiv priorisieren.";extended;A2;3;3;geography|proper-name|a2|v012;draft;زامبيا;زامبيا;;;;neutral;false;"Eigenname/Fachbezeichnung; CLDR-Bezeichnung, redaktionelle Ausspracheprüfung ausstehend."
geo_ws;ساموا;ساموا;sāmwā;Samoa;geography;Länder & Regionen;noun;;;;;"Geografische Bezeichnung; rezeptiv priorisieren.";"Geografische Bezeichnung; rezeptiv priorisieren.";extended;A2;3;3;geography|proper-name|a2|v012;draft;ساموا;ساموا;;;;neutral;false;"Eigenname/Fachbezeichnung; CLDR-Bezeichnung, redaktionelle Ausspracheprüfung ausstehend."
geo_sm;سان مارينو;سان مارينو;sān mārynw;San Marino;geography;Länder & Regionen;noun;;;;;"Geografische Bezeichnung; rezeptiv priorisieren.";"Geografische Bezeichnung; rezeptiv priorisieren.";extended;A2;3;3;geography|proper-name|a2|v012;draft;سان مارينو;سان مارينو;;;;neutral;false;"Eigenname/Fachbezeichnung; CLDR-Bezeichnung, redaktionelle Ausspracheprüfung ausstehend."
geo_sa;المملكة العربية السعودية;المملكة العربية السعودية;ālmmlka ālʿrbya ālsʿwdya;Saudi-Arabien;geography;Länder & Regionen;noun;;;;;"Geografische Bezeichnung; rezeptiv priorisieren.";"Geografische Bezeichnung; rezeptiv priorisieren.";extended;A2;3;3;geography|proper-name|a2|v012;draft;المملكة العربية السعودية;المملكة العربية السعودية;;;;neutral;false;"Eigenname/Fachbezeichnung; CLDR-Bezeichnung, redaktionelle Ausspracheprüfung ausstehend."
geo_se;السويد;السويد;ālswyd;Schweden;geography;Länder & Regionen;noun;;;;;"Geografische Bezeichnung; rezeptiv priorisieren.";"Geografische Bezeichnung; rezeptiv priorisieren.";extended;A2;3;3;geography|proper-name|a2|v012;draft;السويد;السويد;;;;neutral;false;"Eigenname/Fachbezeichnung; CLDR-Bezeichnung, redaktionelle Ausspracheprüfung ausstehend."
geo_ch;سويسرا;سويسرا;swysrā;Schweiz;geography;Länder & Regionen;noun;;;;;"Geografische Bezeichnung; rezeptiv priorisieren.";"Geografische Bezeichnung; rezeptiv priorisieren.";extended;A2;3;3;geography|proper-name|a2|v012;draft;سويسرا;سويسرا;;;;neutral;false;"Eigenname/Fachbezeichnung; CLDR-Bezeichnung, redaktionelle Ausspracheprüfung ausstehend."
geo_sn;السنغال;السنغال;ālsnghāl;Senegal;geography;Länder & Regionen;noun;;;;;"Geografische Bezeichnung; rezeptiv priorisieren.";"Geografische Bezeichnung; rezeptiv priorisieren.";extended;A2;3;3;geography|proper-name|a2|v012;draft;السنغال;السنغال;;;;neutral;false;"Eigenname/Fachbezeichnung; CLDR-Bezeichnung, redaktionelle Ausspracheprüfung ausstehend."
geo_rs;صربيا;صربيا;ṣrbyā;Serbien;geography;Länder & Regionen;noun;;;;;"Geografische Bezeichnung; rezeptiv priorisieren.";"Geografische Bezeichnung; rezeptiv priorisieren.";extended;A2;3;3;geography|proper-name|a2|v012;draft;صربيا;صربيا;;;;neutral;false;"Eigenname/Fachbezeichnung; CLDR-Bezeichnung, redaktionelle Ausspracheprüfung ausstehend."
geo_sc;سيشل;سيشل;syshl;Seychellen;geography;Länder & Regionen;noun;;;;;"Geografische Bezeichnung; rezeptiv priorisieren.";"Geografische Bezeichnung; rezeptiv priorisieren.";extended;A2;3;3;geography|proper-name|a2|v012;draft;سيشل;سيشل;;;;neutral;false;"Eigenname/Fachbezeichnung; CLDR-Bezeichnung, redaktionelle Ausspracheprüfung ausstehend."
geo_sl;سيراليون;سيراليون;syrālywn;Sierra Leone;geography;Länder & Regionen;noun;;;;;"Geografische Bezeichnung; rezeptiv priorisieren.";"Geografische Bezeichnung; rezeptiv priorisieren.";extended;A2;3;3;geography|proper-name|a2|v012;draft;سيراليون;سيراليون;;;;neutral;false;"Eigenname/Fachbezeichnung; CLDR-Bezeichnung, redaktionelle Ausspracheprüfung ausstehend."
geo_zw;زيمبابوي;زيمبابوي;zymbābwy;Simbabwe;geography;Länder & Regionen;noun;;;;;"Geografische Bezeichnung; rezeptiv priorisieren.";"Geografische Bezeichnung; rezeptiv priorisieren.";extended;A2;3;3;geography|proper-name|a2|v012;draft;زيمبابوي;زيمبابوي;;;;neutral;false;"Eigenname/Fachbezeichnung; CLDR-Bezeichnung, redaktionelle Ausspracheprüfung ausstehend."
geo_sg;سنغافورة;سنغافورة;snghāfwra;Singapur;geography;Länder & Regionen;noun;;;;;"Geografische Bezeichnung; rezeptiv priorisieren.";"Geografische Bezeichnung; rezeptiv priorisieren.";extended;A2;3;3;geography|proper-name|a2|v012;draft;سنغافورة;سنغافورة;;;;neutral;false;"Eigenname/Fachbezeichnung; CLDR-Bezeichnung, redaktionelle Ausspracheprüfung ausstehend."
geo_sx;سانت مارتن;سانت مارتن;sānt mārtn;Sint Maarten;geography;Länder & Regionen;noun;;;;;"Geografische Bezeichnung; rezeptiv priorisieren.";"Geografische Bezeichnung; rezeptiv priorisieren.";extended;A2;3;3;geography|proper-name|a2|v012;draft;سانت مارتن;سانت مارتن;;;;neutral;false;"Eigenname/Fachbezeichnung; CLDR-Bezeichnung, redaktionelle Ausspracheprüfung ausstehend."
geo_sk;سلوفاكيا;سلوفاكيا;slwfākyā;Slowakei;geography;Länder & Regionen;noun;;;;;"Geografische Bezeichnung; rezeptiv priorisieren.";"Geografische Bezeichnung; rezeptiv priorisieren.";extended;A2;3;3;geography|proper-name|a2|v012;draft;سلوفاكيا;سلوفاكيا;;;;neutral;false;"Eigenname/Fachbezeichnung; CLDR-Bezeichnung, redaktionelle Ausspracheprüfung ausstehend."
geo_si;سلوفينيا;سلوفينيا;slwfynyā;Slowenien;geography;Länder & Regionen;noun;;;;;"Geografische Bezeichnung; rezeptiv priorisieren.";"Geografische Bezeichnung; rezeptiv priorisieren.";extended;A2;3;3;geography|proper-name|a2|v012;draft;سلوفينيا;سلوفينيا;;;;neutral;false;"Eigenname/Fachbezeichnung; CLDR-Bezeichnung, redaktionelle Ausspracheprüfung ausstehend."
geo_so;الصومال;الصومال;ālṣwmāl;Somalia;geography;Länder & Regionen;noun;;;;;"Geografische Bezeichnung; rezeptiv priorisieren.";"Geografische Bezeichnung; rezeptiv priorisieren.";extended;A2;3;3;geography|proper-name|a2|v012;draft;الصومال;الصومال;;;;neutral;false;"Eigenname/Fachbezeichnung; CLDR-Bezeichnung, redaktionelle Ausspracheprüfung ausstehend."
geo_hk;هونغ كونغ الصينية (منطقة إدارية خاصة);هونغ كونغ الصينية (منطقة إدارية خاصة);hwngh kwngh ālṣynya (mnṭqa idārya khāṣa);Sonderverwaltungsregion Hongkong;geography;Länder & Regionen;noun;;;;;"Geografische Bezeichnung; rezeptiv priorisieren.";"Geografische Bezeichnung; rezeptiv priorisieren.";extended;A2;3;3;geography|proper-name|a2|v012;draft;هونغ كونغ الصينية (منطقة إدارية خاصة);هونغ كونغ الصينية (منطقة إدارية خاصة);;;;neutral;false;"Eigenname/Fachbezeichnung; CLDR-Bezeichnung, redaktionelle Ausspracheprüfung ausstehend."
geo_mo;منطقة ماكاو الإدارية الخاصة;منطقة ماكاو الإدارية الخاصة;mnṭqa mākāw ālidārya ālkhāṣa;Sonderverwaltungsregion Macau;geography;Länder & Regionen;noun;;;;;"Geografische Bezeichnung; rezeptiv priorisieren.";"Geografische Bezeichnung; rezeptiv priorisieren.";extended;A2;3;3;geography|proper-name|a2|v012;draft;منطقة ماكاو الإدارية الخاصة;منطقة ماكاو الإدارية الخاصة;;;;neutral;false;"Eigenname/Fachbezeichnung; CLDR-Bezeichnung, redaktionelle Ausspracheprüfung ausstehend."
geo_es;إسبانيا;إسبانيا;isbānyā;Spanien;geography;Länder & Regionen;noun;;;;;"Geografische Bezeichnung; rezeptiv priorisieren.";"Geografische Bezeichnung; rezeptiv priorisieren.";extended;A2;3;3;geography|proper-name|a2|v012;draft;إسبانيا;إسبانيا;;;;neutral;false;"Eigenname/Fachbezeichnung; CLDR-Bezeichnung, redaktionelle Ausspracheprüfung ausstehend."
geo_sj;سفالبارد وجان ماين;سفالبارد وجان ماين;sfālbārd wjān māyn;Spitzbergen und Jan Mayen;geography;Länder & Regionen;noun;;;;;"Geografische Bezeichnung; rezeptiv priorisieren.";"Geografische Bezeichnung; rezeptiv priorisieren.";extended;A2;3;3;geography|proper-name|a2|v012;draft;سفالبارد وجان ماين;سفالبارد وجان ماين;;;;neutral;false;"Eigenname/Fachbezeichnung; CLDR-Bezeichnung, redaktionelle Ausspracheprüfung ausstehend."
geo_lk;سريلانكا;سريلانكا;srylānkā;Sri Lanka;geography;Länder & Regionen;noun;;;;;"Geografische Bezeichnung; rezeptiv priorisieren.";"Geografische Bezeichnung; rezeptiv priorisieren.";extended;A2;3;3;geography|proper-name|a2|v012;draft;سريلانكا;سريلانكا;;;;neutral;false;"Eigenname/Fachbezeichnung; CLDR-Bezeichnung, redaktionelle Ausspracheprüfung ausstehend."
geo_bl;سان بارتليمي;سان بارتليمي;sān bārtlymy;St. Barthélemy;geography;Länder & Regionen;noun;;;;;"Geografische Bezeichnung; rezeptiv priorisieren.";"Geografische Bezeichnung; rezeptiv priorisieren.";extended;A2;3;3;geography|proper-name|a2|v012;draft;سان بارتليمي;سان بارتليمي;;;;neutral;false;"Eigenname/Fachbezeichnung; CLDR-Bezeichnung, redaktionelle Ausspracheprüfung ausstehend."
geo_sh;سانت هيلينا;سانت هيلينا;sānt hylynā;St. Helena;geography;Länder & Regionen;noun;;;;;"Geografische Bezeichnung; rezeptiv priorisieren.";"Geografische Bezeichnung; rezeptiv priorisieren.";extended;A2;3;3;geography|proper-name|a2|v012;draft;سانت هيلينا;سانت هيلينا;;;;neutral;false;"Eigenname/Fachbezeichnung; CLDR-Bezeichnung, redaktionelle Ausspracheprüfung ausstehend."
geo_kn;سانت كيتس ونيفيس;سانت كيتس ونيفيس;sānt kyts wnyfys;St. Kitts und Nevis;geography;Länder & Regionen;noun;;;;;"Geografische Bezeichnung; rezeptiv priorisieren.";"Geografische Bezeichnung; rezeptiv priorisieren.";extended;A2;3;3;geography|proper-name|a2|v012;draft;سانت كيتس ونيفيس;سانت كيتس ونيفيس;;;;neutral;false;"Eigenname/Fachbezeichnung; CLDR-Bezeichnung, redaktionelle Ausspracheprüfung ausstehend."
geo_lc;سانت لوسيا;سانت لوسيا;sānt lwsyā;St. Lucia;geography;Länder & Regionen;noun;;;;;"Geografische Bezeichnung; rezeptiv priorisieren.";"Geografische Bezeichnung; rezeptiv priorisieren.";extended;A2;3;3;geography|proper-name|a2|v012;draft;سانت لوسيا;سانت لوسيا;;;;neutral;false;"Eigenname/Fachbezeichnung; CLDR-Bezeichnung, redaktionelle Ausspracheprüfung ausstehend."
lang_ar;العربية;العربية;ālʿrbya;Arabisch;languages;Sprachen;noun;;;;;"Sprachbezeichnung; für Reise, Medien und Bildung.";"Sprachbezeichnung; für Reise, Medien und Bildung.";extended;B1;4;4;language|proper-name|b1|v012;draft;العربية;العربية;;;;neutral;false;"Eigenname/Fachbezeichnung; CLDR-Bezeichnung, redaktionelle Ausspracheprüfung ausstehend."
lang_de;الألمانية;الألمانية;ālalmānya;Deutsch;languages;Sprachen;noun;;;;;"Sprachbezeichnung; für Reise, Medien und Bildung.";"Sprachbezeichnung; für Reise, Medien und Bildung.";extended;B1;4;4;language|proper-name|b1|v012;draft;الألمانية;الألمانية;;;;neutral;false;"Eigenname/Fachbezeichnung; CLDR-Bezeichnung, redaktionelle Ausspracheprüfung ausstehend."
lang_en;الإنجليزية;الإنجليزية;ālinjlyzya;Englisch;languages;Sprachen;noun;;;;;"Sprachbezeichnung; für Reise, Medien und Bildung.";"Sprachbezeichnung; für Reise, Medien und Bildung.";extended;B1;4;4;language|proper-name|b1|v012;draft;الإنجليزية;الإنجليزية;;;;neutral;false;"Eigenname/Fachbezeichnung; CLDR-Bezeichnung, redaktionelle Ausspracheprüfung ausstehend."
lang_fr;الفرنسية;الفرنسية;ālfrnsya;Französisch;languages;Sprachen;noun;;;;;"Sprachbezeichnung; für Reise, Medien und Bildung.";"Sprachbezeichnung; für Reise, Medien und Bildung.";extended;B1;4;4;language|proper-name|b1|v012;draft;الفرنسية;الفرنسية;;;;neutral;false;"Eigenname/Fachbezeichnung; CLDR-Bezeichnung, redaktionelle Ausspracheprüfung ausstehend."
lang_es;الإسبانية;الإسبانية;ālisbānya;Spanisch;languages;Sprachen;noun;;;;;"Sprachbezeichnung; für Reise, Medien und Bildung.";"Sprachbezeichnung; für Reise, Medien und Bildung.";extended;B1;4;4;language|proper-name|b1|v012;draft;الإسبانية;الإسبانية;;;;neutral;false;"Eigenname/Fachbezeichnung; CLDR-Bezeichnung, redaktionelle Ausspracheprüfung ausstehend."
lang_it;الإيطالية;الإيطالية;āliyṭālya;Italienisch;languages;Sprachen;noun;;;;;"Sprachbezeichnung; für Reise, Medien und Bildung.";"Sprachbezeichnung; für Reise, Medien und Bildung.";extended;B1;4;4;language|proper-name|b1|v012;draft;الإيطالية;الإيطالية;;;;neutral;false;"Eigenname/Fachbezeichnung; CLDR-Bezeichnung, redaktionelle Ausspracheprüfung ausstehend."
lang_pt;البرتغالية;البرتغالية;ālbrtghālya;Portugiesisch;languages;Sprachen;noun;;;;;"Sprachbezeichnung; für Reise, Medien und Bildung.";"Sprachbezeichnung; für Reise, Medien und Bildung.";extended;B1;4;4;language|proper-name|b1|v012;draft;البرتغالية;البرتغالية;;;;neutral;false;"Eigenname/Fachbezeichnung; CLDR-Bezeichnung, redaktionelle Ausspracheprüfung ausstehend."
lang_ru;الروسية;الروسية;ālrwsya;Russisch;languages;Sprachen;noun;;;;;"Sprachbezeichnung; für Reise, Medien und Bildung.";"Sprachbezeichnung; für Reise, Medien und Bildung.";extended;B1;4;4;language|proper-name|b1|v012;draft;الروسية;الروسية;;;;neutral;false;"Eigenname/Fachbezeichnung; CLDR-Bezeichnung, redaktionelle Ausspracheprüfung ausstehend."
lang_tr;التركية;التركية;āltrkya;Türkisch;languages;Sprachen;noun;;;;;"Sprachbezeichnung; für Reise, Medien und Bildung.";"Sprachbezeichnung; für Reise, Medien und Bildung.";extended;B1;4;4;language|proper-name|b1|v012;draft;التركية;التركية;;;;neutral;false;"Eigenname/Fachbezeichnung; CLDR-Bezeichnung, redaktionelle Ausspracheprüfung ausstehend."
lang_fa;الفارسية;الفارسية;ālfārsya;Persisch;languages;Sprachen;noun;;;;;"Sprachbezeichnung; für Reise, Medien und Bildung.";"Sprachbezeichnung; für Reise, Medien und Bildung.";extended;B1;4;4;language|proper-name|b1|v012;draft;الفارسية;الفارسية;;;;neutral;false;"Eigenname/Fachbezeichnung; CLDR-Bezeichnung, redaktionelle Ausspracheprüfung ausstehend."
lang_ur;الأوردية;الأوردية;ālawrdya;Urdu;languages;Sprachen;noun;;;;;"Sprachbezeichnung; für Reise, Medien und Bildung.";"Sprachbezeichnung; für Reise, Medien und Bildung.";extended;B1;4;4;language|proper-name|b1|v012;draft;الأوردية;الأوردية;;;;neutral;false;"Eigenname/Fachbezeichnung; CLDR-Bezeichnung, redaktionelle Ausspracheprüfung ausstehend."
lang_he;العبرية;العبرية;ālʿbrya;Hebräisch;languages;Sprachen;noun;;;;;"Sprachbezeichnung; für Reise, Medien und Bildung.";"Sprachbezeichnung; für Reise, Medien und Bildung.";extended;B1;4;4;language|proper-name|b1|v012;draft;العبرية;العبرية;;;;neutral;false;"Eigenname/Fachbezeichnung; CLDR-Bezeichnung, redaktionelle Ausspracheprüfung ausstehend."
lang_el;اليونانية;اليونانية;ālywnānya;Griechisch;languages;Sprachen;noun;;;;;"Sprachbezeichnung; für Reise, Medien und Bildung.";"Sprachbezeichnung; für Reise, Medien und Bildung.";extended;B1;4;4;language|proper-name|b1|v012;draft;اليونانية;اليونانية;;;;neutral;false;"Eigenname/Fachbezeichnung; CLDR-Bezeichnung, redaktionelle Ausspracheprüfung ausstehend."
lang_nl;الهولندية;الهولندية;ālhwlndya;Niederländisch;languages;Sprachen;noun;;;;;"Sprachbezeichnung; für Reise, Medien und Bildung.";"Sprachbezeichnung; für Reise, Medien und Bildung.";extended;B1;4;4;language|proper-name|b1|v012;draft;الهولندية;الهولندية;;;;neutral;false;"Eigenname/Fachbezeichnung; CLDR-Bezeichnung, redaktionelle Ausspracheprüfung ausstehend."
lang_sv;السويدية;السويدية;ālswydya;Schwedisch;languages;Sprachen;noun;;;;;"Sprachbezeichnung; für Reise, Medien und Bildung.";"Sprachbezeichnung; für Reise, Medien und Bildung.";extended;B1;4;4;language|proper-name|b1|v012;draft;السويدية;السويدية;;;;neutral;false;"Eigenname/Fachbezeichnung; CLDR-Bezeichnung, redaktionelle Ausspracheprüfung ausstehend."
lang_no;النرويجية;النرويجية;ālnrwyjya;Norwegisch;languages;Sprachen;noun;;;;;"Sprachbezeichnung; für Reise, Medien und Bildung.";"Sprachbezeichnung; für Reise, Medien und Bildung.";extended;B1;4;4;language|proper-name|b1|v012;draft;النرويجية;النرويجية;;;;neutral;false;"Eigenname/Fachbezeichnung; CLDR-Bezeichnung, redaktionelle Ausspracheprüfung ausstehend."
lang_da;الدانمركية;الدانمركية;āldānmrkya;Dänisch;languages;Sprachen;noun;;;;;"Sprachbezeichnung; für Reise, Medien und Bildung.";"Sprachbezeichnung; für Reise, Medien und Bildung.";extended;B1;4;4;language|proper-name|b1|v012;draft;الدانمركية;الدانمركية;;;;neutral;false;"Eigenname/Fachbezeichnung; CLDR-Bezeichnung, redaktionelle Ausspracheprüfung ausstehend."
lang_fi;الفنلندية;الفنلندية;ālfnlndya;Finnisch;languages;Sprachen;noun;;;;;"Sprachbezeichnung; für Reise, Medien und Bildung.";"Sprachbezeichnung; für Reise, Medien und Bildung.";extended;B1;4;4;language|proper-name|b1|v012;draft;الفنلندية;الفنلندية;;;;neutral;false;"Eigenname/Fachbezeichnung; CLDR-Bezeichnung, redaktionelle Ausspracheprüfung ausstehend."
lang_pl;البولندية;البولندية;ālbwlndya;Polnisch;languages;Sprachen;noun;;;;;"Sprachbezeichnung; für Reise, Medien und Bildung.";"Sprachbezeichnung; für Reise, Medien und Bildung.";extended;B1;4;4;language|proper-name|b1|v012;draft;البولندية;البولندية;;;;neutral;false;"Eigenname/Fachbezeichnung; CLDR-Bezeichnung, redaktionelle Ausspracheprüfung ausstehend."
lang_cs;التشيكية;التشيكية;āltshykya;Tschechisch;languages;Sprachen;noun;;;;;"Sprachbezeichnung; für Reise, Medien und Bildung.";"Sprachbezeichnung; für Reise, Medien und Bildung.";extended;B1;4;4;language|proper-name|b1|v012;draft;التشيكية;التشيكية;;;;neutral;false;"Eigenname/Fachbezeichnung; CLDR-Bezeichnung, redaktionelle Ausspracheprüfung ausstehend."
lang_sk;السلوفاكية;السلوفاكية;ālslwfākya;Slowakisch;languages;Sprachen;noun;;;;;"Sprachbezeichnung; für Reise, Medien und Bildung.";"Sprachbezeichnung; für Reise, Medien und Bildung.";extended;B1;4;4;language|proper-name|b1|v012;draft;السلوفاكية;السلوفاكية;;;;neutral;false;"Eigenname/Fachbezeichnung; CLDR-Bezeichnung, redaktionelle Ausspracheprüfung ausstehend."
lang_hu;الهنغارية;الهنغارية;ālhnghārya;Ungarisch;languages;Sprachen;noun;;;;;"Sprachbezeichnung; für Reise, Medien und Bildung.";"Sprachbezeichnung; für Reise, Medien und Bildung.";extended;B1;4;4;language|proper-name|b1|v012;draft;الهنغارية;الهنغارية;;;;neutral;false;"Eigenname/Fachbezeichnung; CLDR-Bezeichnung, redaktionelle Ausspracheprüfung ausstehend."
lang_ro;الرومانية;الرومانية;ālrwmānya;Rumänisch;languages;Sprachen;noun;;;;;"Sprachbezeichnung; für Reise, Medien und Bildung.";"Sprachbezeichnung; für Reise, Medien und Bildung.";extended;B1;4;4;language|proper-name|b1|v012;draft;الرومانية;الرومانية;;;;neutral;false;"Eigenname/Fachbezeichnung; CLDR-Bezeichnung, redaktionelle Ausspracheprüfung ausstehend."
lang_bg;البلغارية;البلغارية;ālblghārya;Bulgarisch;languages;Sprachen;noun;;;;;"Sprachbezeichnung; für Reise, Medien und Bildung.";"Sprachbezeichnung; für Reise, Medien und Bildung.";extended;B1;4;4;language|proper-name|b1|v012;draft;البلغارية;البلغارية;;;;neutral;false;"Eigenname/Fachbezeichnung; CLDR-Bezeichnung, redaktionelle Ausspracheprüfung ausstehend."
lang_uk;الأوكرانية;الأوكرانية;ālawkrānya;Ukrainisch;languages;Sprachen;noun;;;;;"Sprachbezeichnung; für Reise, Medien und Bildung.";"Sprachbezeichnung; für Reise, Medien und Bildung.";extended;B1;4;4;language|proper-name|b1|v012;draft;الأوكرانية;الأوكرانية;;;;neutral;false;"Eigenname/Fachbezeichnung; CLDR-Bezeichnung, redaktionelle Ausspracheprüfung ausstehend."
lang_sr;الصربية;الصربية;ālṣrbya;Serbisch;languages;Sprachen;noun;;;;;"Sprachbezeichnung; für Reise, Medien und Bildung.";"Sprachbezeichnung; für Reise, Medien und Bildung.";extended;B1;4;4;language|proper-name|b1|v012;draft;الصربية;الصربية;;;;neutral;false;"Eigenname/Fachbezeichnung; CLDR-Bezeichnung, redaktionelle Ausspracheprüfung ausstehend."
lang_hr;الكرواتية;الكرواتية;ālkrwātya;Kroatisch;languages;Sprachen;noun;;;;;"Sprachbezeichnung; für Reise, Medien und Bildung.";"Sprachbezeichnung; für Reise, Medien und Bildung.";extended;B1;4;4;language|proper-name|b1|v012;draft;الكرواتية;الكرواتية;;;;neutral;false;"Eigenname/Fachbezeichnung; CLDR-Bezeichnung, redaktionelle Ausspracheprüfung ausstehend."
lang_bs;البوسنية;البوسنية;ālbwsnya;Bosnisch;languages;Sprachen;noun;;;;;"Sprachbezeichnung; für Reise, Medien und Bildung.";"Sprachbezeichnung; für Reise, Medien und Bildung.";extended;B1;4;4;language|proper-name|b1|v012;draft;البوسنية;البوسنية;;;;neutral;false;"Eigenname/Fachbezeichnung; CLDR-Bezeichnung, redaktionelle Ausspracheprüfung ausstehend."
lang_sl;السلوفانية;السلوفانية;ālslwfānya;Slowenisch;languages;Sprachen;noun;;;;;"Sprachbezeichnung; für Reise, Medien und Bildung.";"Sprachbezeichnung; für Reise, Medien und Bildung.";extended;B1;4;4;language|proper-name|b1|v012;draft;السلوفانية;السلوفانية;;;;neutral;false;"Eigenname/Fachbezeichnung; CLDR-Bezeichnung, redaktionelle Ausspracheprüfung ausstehend."
lang_sq;الألبانية;الألبانية;ālalbānya;Albanisch;languages;Sprachen;noun;;;;;"Sprachbezeichnung; für Reise, Medien und Bildung.";"Sprachbezeichnung; für Reise, Medien und Bildung.";extended;B1;4;4;language|proper-name|b1|v012;draft;الألبانية;الألبانية;;;;neutral;false;"Eigenname/Fachbezeichnung; CLDR-Bezeichnung, redaktionelle Ausspracheprüfung ausstehend."
lang_mk;المقدونية;المقدونية;ālmqdwnya;Mazedonisch;languages;Sprachen;noun;;;;;"Sprachbezeichnung; für Reise, Medien und Bildung.";"Sprachbezeichnung; für Reise, Medien und Bildung.";extended;B1;4;4;language|proper-name|b1|v012;draft;المقدونية;المقدونية;;;;neutral;false;"Eigenname/Fachbezeichnung; CLDR-Bezeichnung, redaktionelle Ausspracheprüfung ausstehend."
lang_zh;الصينية;الصينية;ālṣynya;Chinesisch;languages;Sprachen;noun;;;;;"Sprachbezeichnung; für Reise, Medien und Bildung.";"Sprachbezeichnung; für Reise, Medien und Bildung.";extended;B1;4;4;language|proper-name|b1|v012;draft;الصينية;الصينية;;;;neutral;false;"Eigenname/Fachbezeichnung; CLDR-Bezeichnung, redaktionelle Ausspracheprüfung ausstehend."
lang_ja;اليابانية;اليابانية;ālyābānya;Japanisch;languages;Sprachen;noun;;;;;"Sprachbezeichnung; für Reise, Medien und Bildung.";"Sprachbezeichnung; für Reise, Medien und Bildung.";extended;B1;4;4;language|proper-name|b1|v012;draft;اليابانية;اليابانية;;;;neutral;false;"Eigenname/Fachbezeichnung; CLDR-Bezeichnung, redaktionelle Ausspracheprüfung ausstehend."
lang_ko;الكورية;الكورية;ālkwrya;Koreanisch;languages;Sprachen;noun;;;;;"Sprachbezeichnung; für Reise, Medien und Bildung.";"Sprachbezeichnung; für Reise, Medien und Bildung.";extended;B1;4;4;language|proper-name|b1|v012;draft;الكورية;الكورية;;;;neutral;false;"Eigenname/Fachbezeichnung; CLDR-Bezeichnung, redaktionelle Ausspracheprüfung ausstehend."
lang_hi;الهندية;الهندية;ālhndya;Hindi;languages;Sprachen;noun;;;;;"Sprachbezeichnung; für Reise, Medien und Bildung.";"Sprachbezeichnung; für Reise, Medien und Bildung.";extended;B1;4;4;language|proper-name|b1|v012;draft;الهندية;الهندية;;;;neutral;false;"Eigenname/Fachbezeichnung; CLDR-Bezeichnung, redaktionelle Ausspracheprüfung ausstehend."
lang_bn;البنغالية;البنغالية;ālbnghālya;Bengalisch;languages;Sprachen;noun;;;;;"Sprachbezeichnung; für Reise, Medien und Bildung.";"Sprachbezeichnung; für Reise, Medien und Bildung.";extended;B1;4;4;language|proper-name|b1|v012;draft;البنغالية;البنغالية;;;;neutral;false;"Eigenname/Fachbezeichnung; CLDR-Bezeichnung, redaktionelle Ausspracheprüfung ausstehend."
lang_pa;البنجابية;البنجابية;ālbnjābya;Punjabi;languages;Sprachen;noun;;;;;"Sprachbezeichnung; für Reise, Medien und Bildung.";"Sprachbezeichnung; für Reise, Medien und Bildung.";extended;B1;4;4;language|proper-name|b1|v012;draft;البنجابية;البنجابية;;;;neutral;false;"Eigenname/Fachbezeichnung; CLDR-Bezeichnung, redaktionelle Ausspracheprüfung ausstehend."
lang_gu;الغوجاراتية;الغوجاراتية;ālghwjārātya;Gujarati;languages;Sprachen;noun;;;;;"Sprachbezeichnung; für Reise, Medien und Bildung.";"Sprachbezeichnung; für Reise, Medien und Bildung.";extended;B1;4;4;language|proper-name|b1|v012;draft;الغوجاراتية;الغوجاراتية;;;;neutral;false;"Eigenname/Fachbezeichnung; CLDR-Bezeichnung, redaktionelle Ausspracheprüfung ausstehend."
lang_mr;الماراثية;الماراثية;ālmārāthya;Marathi;languages;Sprachen;noun;;;;;"Sprachbezeichnung; für Reise, Medien und Bildung.";"Sprachbezeichnung; für Reise, Medien und Bildung.";extended;B1;4;4;language|proper-name|b1|v012;draft;الماراثية;الماراثية;;;;neutral;false;"Eigenname/Fachbezeichnung; CLDR-Bezeichnung, redaktionelle Ausspracheprüfung ausstehend."
lang_ta;التاميلية;التاميلية;āltāmylya;Tamil;languages;Sprachen;noun;;;;;"Sprachbezeichnung; für Reise, Medien und Bildung.";"Sprachbezeichnung; für Reise, Medien und Bildung.";extended;B1;4;4;language|proper-name|b1|v012;draft;التاميلية;التاميلية;;;;neutral;false;"Eigenname/Fachbezeichnung; CLDR-Bezeichnung, redaktionelle Ausspracheprüfung ausstehend."
lang_te;التيلوغوية;التيلوغوية;āltylwghwya;Telugu;languages;Sprachen;noun;;;;;"Sprachbezeichnung; für Reise, Medien und Bildung.";"Sprachbezeichnung; für Reise, Medien und Bildung.";extended;B1;4;4;language|proper-name|b1|v012;draft;التيلوغوية;التيلوغوية;;;;neutral;false;"Eigenname/Fachbezeichnung; CLDR-Bezeichnung, redaktionelle Ausspracheprüfung ausstehend."
lang_ml;المالايالامية;المالايالامية;ālmālāyālāmya;Malayalam;languages;Sprachen;noun;;;;;"Sprachbezeichnung; für Reise, Medien und Bildung.";"Sprachbezeichnung; für Reise, Medien und Bildung.";extended;B1;4;4;language|proper-name|b1|v012;draft;المالايالامية;المالايالامية;;;;neutral;false;"Eigenname/Fachbezeichnung; CLDR-Bezeichnung, redaktionelle Ausspracheprüfung ausstehend."
lang_kn;الكانادا;الكانادا;ālkānādā;Kannada;languages;Sprachen;noun;;;;;"Sprachbezeichnung; für Reise, Medien und Bildung.";"Sprachbezeichnung; für Reise, Medien und Bildung.";extended;B1;4;4;language|proper-name|b1|v012;draft;الكانادا;الكانادا;;;;neutral;false;"Eigenname/Fachbezeichnung; CLDR-Bezeichnung, redaktionelle Ausspracheprüfung ausstehend."
lang_th;التايلاندية;التايلاندية;āltāylāndya;Thailändisch;languages;Sprachen;noun;;;;;"Sprachbezeichnung; für Reise, Medien und Bildung.";"Sprachbezeichnung; für Reise, Medien und Bildung.";extended;B1;4;4;language|proper-name|b1|v012;draft;التايلاندية;التايلاندية;;;;neutral;false;"Eigenname/Fachbezeichnung; CLDR-Bezeichnung, redaktionelle Ausspracheprüfung ausstehend."
lang_vi;الفيتنامية;الفيتنامية;ālfytnāmya;Vietnamesisch;languages;Sprachen;noun;;;;;"Sprachbezeichnung; für Reise, Medien und Bildung.";"Sprachbezeichnung; für Reise, Medien und Bildung.";extended;B1;4;4;language|proper-name|b1|v012;draft;الفيتنامية;الفيتنامية;;;;neutral;false;"Eigenname/Fachbezeichnung; CLDR-Bezeichnung, redaktionelle Ausspracheprüfung ausstehend."
lang_id;الإندونيسية;الإندونيسية;ālindwnysya;Indonesisch;languages;Sprachen;noun;;;;;"Sprachbezeichnung; für Reise, Medien und Bildung.";"Sprachbezeichnung; für Reise, Medien und Bildung.";extended;B1;4;4;language|proper-name|b1|v012;draft;الإندونيسية;الإندونيسية;;;;neutral;false;"Eigenname/Fachbezeichnung; CLDR-Bezeichnung, redaktionelle Ausspracheprüfung ausstehend."
lang_ms;الماليزية;الماليزية;ālmālyzya;Malaiisch;languages;Sprachen;noun;;;;;"Sprachbezeichnung; für Reise, Medien und Bildung.";"Sprachbezeichnung; für Reise, Medien und Bildung.";extended;B1;4;4;language|proper-name|b1|v012;draft;الماليزية;الماليزية;;;;neutral;false;"Eigenname/Fachbezeichnung; CLDR-Bezeichnung, redaktionelle Ausspracheprüfung ausstehend."
lang_sw;السواحلية;السواحلية;ālswāḥlya;Suaheli;languages;Sprachen;noun;;;;;"Sprachbezeichnung; für Reise, Medien und Bildung.";"Sprachbezeichnung; für Reise, Medien und Bildung.";extended;B1;4;4;language|proper-name|b1|v012;draft;السواحلية;السواحلية;;;;neutral;false;"Eigenname/Fachbezeichnung; CLDR-Bezeichnung, redaktionelle Ausspracheprüfung ausstehend."
lang_am;الأمهرية;الأمهرية;ālamhrya;Amharisch;languages;Sprachen;noun;;;;;"Sprachbezeichnung; für Reise, Medien und Bildung.";"Sprachbezeichnung; für Reise, Medien und Bildung.";extended;B1;4;4;language|proper-name|b1|v012;draft;الأمهرية;الأمهرية;;;;neutral;false;"Eigenname/Fachbezeichnung; CLDR-Bezeichnung, redaktionelle Ausspracheprüfung ausstehend."
lang_so;الصومالية;الصومالية;ālṣwmālya;Somali;languages;Sprachen;noun;;;;;"Sprachbezeichnung; für Reise, Medien und Bildung.";"Sprachbezeichnung; für Reise, Medien und Bildung.";extended;B1;4;4;language|proper-name|b1|v012;draft;الصومالية;الصومالية;;;;neutral;false;"Eigenname/Fachbezeichnung; CLDR-Bezeichnung, redaktionelle Ausspracheprüfung ausstehend."
lang_ha;الهوسا;الهوسا;ālhwsā;Haussa;languages;Sprachen;noun;;;;;"Sprachbezeichnung; für Reise, Medien und Bildung.";"Sprachbezeichnung; für Reise, Medien und Bildung.";extended;B1;4;4;language|proper-name|b1|v012;draft;الهوسا;الهوسا;;;;neutral;false;"Eigenname/Fachbezeichnung; CLDR-Bezeichnung, redaktionelle Ausspracheprüfung ausstehend."
lang_yo;اليوروبا;اليوروبا;ālywrwbā;Yoruba;languages;Sprachen;noun;;;;;"Sprachbezeichnung; für Reise, Medien und Bildung.";"Sprachbezeichnung; für Reise, Medien und Bildung.";extended;B1;4;4;language|proper-name|b1|v012;draft;اليوروبا;اليوروبا;;;;neutral;false;"Eigenname/Fachbezeichnung; CLDR-Bezeichnung, redaktionelle Ausspracheprüfung ausstehend."
lang_ig;الإيجبو;الإيجبو;āliyjbw;Igbo;languages;Sprachen;noun;;;;;"Sprachbezeichnung; für Reise, Medien und Bildung.";"Sprachbezeichnung; für Reise, Medien und Bildung.";extended;B1;4;4;language|proper-name|b1|v012;draft;الإيجبو;الإيجبو;;;;neutral;false;"Eigenname/Fachbezeichnung; CLDR-Bezeichnung, redaktionelle Ausspracheprüfung ausstehend."
lang_zu;الزولو;الزولو;ālzwlw;Zulu;languages;Sprachen;noun;;;;;"Sprachbezeichnung; für Reise, Medien und Bildung.";"Sprachbezeichnung; für Reise, Medien und Bildung.";extended;B1;4;4;language|proper-name|b1|v012;draft;الزولو;الزولو;;;;neutral;false;"Eigenname/Fachbezeichnung; CLDR-Bezeichnung, redaktionelle Ausspracheprüfung ausstehend."
lang_af;الأفريقانية;الأفريقانية;ālafryqānya;Afrikaans;languages;Sprachen;noun;;;;;"Sprachbezeichnung; für Reise, Medien und Bildung.";"Sprachbezeichnung; für Reise, Medien und Bildung.";extended;B1;4;4;language|proper-name|b1|v012;draft;الأفريقانية;الأفريقانية;;;;neutral;false;"Eigenname/Fachbezeichnung; CLDR-Bezeichnung, redaktionelle Ausspracheprüfung ausstehend."
lang_ca;الكتالانية;الكتالانية;ālktālānya;Katalanisch;languages;Sprachen;noun;;;;;"Sprachbezeichnung; für Reise, Medien und Bildung.";"Sprachbezeichnung; für Reise, Medien und Bildung.";extended;B1;4;4;language|proper-name|b1|v012;draft;الكتالانية;الكتالانية;;;;neutral;false;"Eigenname/Fachbezeichnung; CLDR-Bezeichnung, redaktionelle Ausspracheprüfung ausstehend."
lang_eu;الباسكية;الباسكية;ālbāskya;Baskisch;languages;Sprachen;noun;;;;;"Sprachbezeichnung; für Reise, Medien und Bildung.";"Sprachbezeichnung; für Reise, Medien und Bildung.";extended;B1;4;4;language|proper-name|b1|v012;draft;الباسكية;الباسكية;;;;neutral;false;"Eigenname/Fachbezeichnung; CLDR-Bezeichnung, redaktionelle Ausspracheprüfung ausstehend."
lang_gl;الجاليكية;الجاليكية;āljālykya;Galicisch;languages;Sprachen;noun;;;;;"Sprachbezeichnung; für Reise, Medien und Bildung.";"Sprachbezeichnung; für Reise, Medien und Bildung.";extended;B1;4;4;language|proper-name|b1|v012;draft;الجاليكية;الجاليكية;;;;neutral;false;"Eigenname/Fachbezeichnung; CLDR-Bezeichnung, redaktionelle Ausspracheprüfung ausstehend."
lang_cy;الويلزية;الويلزية;ālwylzya;Walisisch;languages;Sprachen;noun;;;;;"Sprachbezeichnung; für Reise, Medien und Bildung.";"Sprachbezeichnung; für Reise, Medien und Bildung.";extended;B1;4;4;language|proper-name|b1|v012;draft;الويلزية;الويلزية;;;;neutral;false;"Eigenname/Fachbezeichnung; CLDR-Bezeichnung, redaktionelle Ausspracheprüfung ausstehend."
lang_ga;الأيرلندية;الأيرلندية;ālayrlndya;Irisch;languages;Sprachen;noun;;;;;"Sprachbezeichnung; für Reise, Medien und Bildung.";"Sprachbezeichnung; für Reise, Medien und Bildung.";extended;B1;4;4;language|proper-name|b1|v012;draft;الأيرلندية;الأيرلندية;;;;neutral;false;"Eigenname/Fachbezeichnung; CLDR-Bezeichnung, redaktionelle Ausspracheprüfung ausstehend."
lang_is;الأيسلندية;الأيسلندية;ālayslndya;Isländisch;languages;Sprachen;noun;;;;;"Sprachbezeichnung; für Reise, Medien und Bildung.";"Sprachbezeichnung; für Reise, Medien und Bildung.";extended;B1;4;4;language|proper-name|b1|v012;draft;الأيسلندية;الأيسلندية;;;;neutral;false;"Eigenname/Fachbezeichnung; CLDR-Bezeichnung, redaktionelle Ausspracheprüfung ausstehend."
lang_et;الإستونية;الإستونية;ālistwnya;Estnisch;languages;Sprachen;noun;;;;;"Sprachbezeichnung; für Reise, Medien und Bildung.";"Sprachbezeichnung; für Reise, Medien und Bildung.";extended;B1;4;4;language|proper-name|b1|v012;draft;الإستونية;الإستونية;;;;neutral;false;"Eigenname/Fachbezeichnung; CLDR-Bezeichnung, redaktionelle Ausspracheprüfung ausstehend."
lang_lv;اللاتفية;اللاتفية;āllātfya;Lettisch;languages;Sprachen;noun;;;;;"Sprachbezeichnung; für Reise, Medien und Bildung.";"Sprachbezeichnung; für Reise, Medien und Bildung.";extended;B1;4;4;language|proper-name|b1|v012;draft;اللاتفية;اللاتفية;;;;neutral;false;"Eigenname/Fachbezeichnung; CLDR-Bezeichnung, redaktionelle Ausspracheprüfung ausstehend."
lang_lt;الليتوانية;الليتوانية;āllytwānya;Litauisch;languages;Sprachen;noun;;;;;"Sprachbezeichnung; für Reise, Medien und Bildung.";"Sprachbezeichnung; für Reise, Medien und Bildung.";extended;B1;4;4;language|proper-name|b1|v012;draft;الليتوانية;الليتوانية;;;;neutral;false;"Eigenname/Fachbezeichnung; CLDR-Bezeichnung, redaktionelle Ausspracheprüfung ausstehend."
lang_ka;الجورجية;الجورجية;āljwrjya;Georgisch;languages;Sprachen;noun;;;;;"Sprachbezeichnung; für Reise, Medien und Bildung.";"Sprachbezeichnung; für Reise, Medien und Bildung.";extended;B1;4;4;language|proper-name|b1|v012;draft;الجورجية;الجورجية;;;;neutral;false;"Eigenname/Fachbezeichnung; CLDR-Bezeichnung, redaktionelle Ausspracheprüfung ausstehend."
lang_hy;الأرمنية;الأرمنية;ālarmnya;Armenisch;languages;Sprachen;noun;;;;;"Sprachbezeichnung; für Reise, Medien und Bildung.";"Sprachbezeichnung; für Reise, Medien und Bildung.";extended;B1;4;4;language|proper-name|b1|v012;draft;الأرمنية;الأرمنية;;;;neutral;false;"Eigenname/Fachbezeichnung; CLDR-Bezeichnung, redaktionelle Ausspracheprüfung ausstehend."
lang_az;الأذربيجانية;الأذربيجانية;āladhrbyjānya;Aserbaidschanisch;languages;Sprachen;noun;;;;;"Sprachbezeichnung; für Reise, Medien und Bildung.";"Sprachbezeichnung; für Reise, Medien und Bildung.";extended;B1;4;4;language|proper-name|b1|v012;draft;الأذربيجانية;الأذربيجانية;;;;neutral;false;"Eigenname/Fachbezeichnung; CLDR-Bezeichnung, redaktionelle Ausspracheprüfung ausstehend."
lang_kk;الكازاخستانية;الكازاخستانية;ālkāzākhstānya;Kasachisch;languages;Sprachen;noun;;;;;"Sprachbezeichnung; für Reise, Medien und Bildung.";"Sprachbezeichnung; für Reise, Medien und Bildung.";extended;B1;4;4;language|proper-name|b1|v012;draft;الكازاخستانية;الكازاخستانية;;;;neutral;false;"Eigenname/Fachbezeichnung; CLDR-Bezeichnung, redaktionelle Ausspracheprüfung ausstehend."
lang_uz;الأوزبكية;الأوزبكية;ālawzbkya;Usbekisch;languages;Sprachen;noun;;;;;"Sprachbezeichnung; für Reise, Medien und Bildung.";"Sprachbezeichnung; für Reise, Medien und Bildung.";extended;B1;4;4;language|proper-name|b1|v012;draft;الأوزبكية;الأوزبكية;;;;neutral;false;"Eigenname/Fachbezeichnung; CLDR-Bezeichnung, redaktionelle Ausspracheprüfung ausstehend."
lang_tk;التركمانية;التركمانية;āltrkmānya;Turkmenisch;languages;Sprachen;noun;;;;;"Sprachbezeichnung; für Reise, Medien und Bildung.";"Sprachbezeichnung; für Reise, Medien und Bildung.";extended;B1;4;4;language|proper-name|b1|v012;draft;التركمانية;التركمانية;;;;neutral;false;"Eigenname/Fachbezeichnung; CLDR-Bezeichnung, redaktionelle Ausspracheprüfung ausstehend."
lang_ky;القيرغيزية;القيرغيزية;ālqyrghyzya;Kirgisisch;languages;Sprachen;noun;;;;;"Sprachbezeichnung; für Reise, Medien und Bildung.";"Sprachbezeichnung; für Reise, Medien und Bildung.";extended;B1;4;4;language|proper-name|b1|v012;draft;القيرغيزية;القيرغيزية;;;;neutral;false;"Eigenname/Fachbezeichnung; CLDR-Bezeichnung, redaktionelle Ausspracheprüfung ausstehend."
lang_tg;الطاجيكية;الطاجيكية;ālṭājykya;Tadschikisch;languages;Sprachen;noun;;;;;"Sprachbezeichnung; für Reise, Medien und Bildung.";"Sprachbezeichnung; für Reise, Medien und Bildung.";extended;B1;4;4;language|proper-name|b1|v012;draft;الطاجيكية;الطاجيكية;;;;neutral;false;"Eigenname/Fachbezeichnung; CLDR-Bezeichnung, redaktionelle Ausspracheprüfung ausstehend."
lang_mn;المنغولية;المنغولية;ālmnghwlya;Mongolisch;languages;Sprachen;noun;;;;;"Sprachbezeichnung; für Reise, Medien und Bildung.";"Sprachbezeichnung; für Reise, Medien und Bildung.";extended;B1;4;4;language|proper-name|b1|v012;draft;المنغولية;المنغولية;;;;neutral;false;"Eigenname/Fachbezeichnung; CLDR-Bezeichnung, redaktionelle Ausspracheprüfung ausstehend."
lang_ne;النيبالية;النيبالية;ālnybālya;Nepalesisch;languages;Sprachen;noun;;;;;"Sprachbezeichnung; für Reise, Medien und Bildung.";"Sprachbezeichnung; für Reise, Medien und Bildung.";extended;B1;4;4;language|proper-name|b1|v012;draft;النيبالية;النيبالية;;;;neutral;false;"Eigenname/Fachbezeichnung; CLDR-Bezeichnung, redaktionelle Ausspracheprüfung ausstehend."
lang_si;السنهالية;السنهالية;ālsnhālya;Singhalesisch;languages;Sprachen;noun;;;;;"Sprachbezeichnung; für Reise, Medien und Bildung.";"Sprachbezeichnung; für Reise, Medien und Bildung.";extended;B1;4;4;language|proper-name|b1|v012;draft;السنهالية;السنهالية;;;;neutral;false;"Eigenname/Fachbezeichnung; CLDR-Bezeichnung, redaktionelle Ausspracheprüfung ausstehend."
lang_my;البورمية;البورمية;ālbwrmya;Birmanisch;languages;Sprachen;noun;;;;;"Sprachbezeichnung; für Reise, Medien und Bildung.";"Sprachbezeichnung; für Reise, Medien und Bildung.";extended;B1;4;4;language|proper-name|b1|v012;draft;البورمية;البورمية;;;;neutral;false;"Eigenname/Fachbezeichnung; CLDR-Bezeichnung, redaktionelle Ausspracheprüfung ausstehend."
lang_km;الخميرية;الخميرية;ālkhmyrya;Khmer;languages;Sprachen;noun;;;;;"Sprachbezeichnung; für Reise, Medien und Bildung.";"Sprachbezeichnung; für Reise, Medien und Bildung.";extended;B1;4;4;language|proper-name|b1|v012;draft;الخميرية;الخميرية;;;;neutral;false;"Eigenname/Fachbezeichnung; CLDR-Bezeichnung, redaktionelle Ausspracheprüfung ausstehend."
lang_lo;اللاوية;اللاوية;āllāwya;Laotisch;languages;Sprachen;noun;;;;;"Sprachbezeichnung; für Reise, Medien und Bildung.";"Sprachbezeichnung; für Reise, Medien und Bildung.";extended;B1;4;4;language|proper-name|b1|v012;draft;اللاوية;اللاوية;;;;neutral;false;"Eigenname/Fachbezeichnung; CLDR-Bezeichnung, redaktionelle Ausspracheprüfung ausstehend."
lang_fil;الفلبينية;الفلبينية;ālflbynya;Filipino;languages;Sprachen;noun;;;;;"Sprachbezeichnung; für Reise, Medien und Bildung.";"Sprachbezeichnung; für Reise, Medien und Bildung.";extended;B1;4;4;language|proper-name|b1|v012;draft;الفلبينية;الفلبينية;;;;neutral;false;"Eigenname/Fachbezeichnung; CLDR-Bezeichnung, redaktionelle Ausspracheprüfung ausstehend."
lang_jv;الجاوية;الجاوية;āljāwya;Javanisch;languages;Sprachen;noun;;;;;"Sprachbezeichnung; für Reise, Medien und Bildung.";"Sprachbezeichnung; für Reise, Medien und Bildung.";extended;B1;4;4;language|proper-name|b1|v012;draft;الجاوية;الجاوية;;;;neutral;false;"Eigenname/Fachbezeichnung; CLDR-Bezeichnung, redaktionelle Ausspracheprüfung ausstehend."
lang_su;السوندانية;السوندانية;ālswndānya;Sundanesisch;languages;Sprachen;noun;;;;;"Sprachbezeichnung; für Reise, Medien und Bildung.";"Sprachbezeichnung; für Reise, Medien und Bildung.";extended;B1;4;4;language|proper-name|b1|v012;draft;السوندانية;السوندانية;;;;neutral;false;"Eigenname/Fachbezeichnung; CLDR-Bezeichnung, redaktionelle Ausspracheprüfung ausstehend."
lang_ps;البشتو;البشتو;ālbshtw;Paschtu;languages;Sprachen;noun;;;;;"Sprachbezeichnung; für Reise, Medien und Bildung.";"Sprachbezeichnung; für Reise, Medien und Bildung.";extended;B1;4;4;language|proper-name|b1|v012;draft;البشتو;البشتو;;;;neutral;false;"Eigenname/Fachbezeichnung; CLDR-Bezeichnung, redaktionelle Ausspracheprüfung ausstehend."
lang_ku;الكردية;الكردية;ālkrdya;Kurdisch;languages;Sprachen;noun;;;;;"Sprachbezeichnung; für Reise, Medien und Bildung.";"Sprachbezeichnung; für Reise, Medien und Bildung.";extended;B1;4;4;language|proper-name|b1|v012;draft;الكردية;الكردية;;;;neutral;false;"Eigenname/Fachbezeichnung; CLDR-Bezeichnung, redaktionelle Ausspracheprüfung ausstehend."
lang_ckb;السورانية الكردية;السورانية الكردية;ālswrānya ālkrdya;Zentralkurdisch;languages;Sprachen;noun;;;;;"Sprachbezeichnung; für Reise, Medien und Bildung.";"Sprachbezeichnung; für Reise, Medien und Bildung.";extended;B1;4;4;language|proper-name|b1|v012;draft;السورانية الكردية;السورانية الكردية;;;;neutral;false;"Eigenname/Fachbezeichnung; CLDR-Bezeichnung, redaktionelle Ausspracheprüfung ausstehend."
lang_dv;المالديفية;المالديفية;ālmāldyfya;Dhivehi;languages;Sprachen;noun;;;;;"Sprachbezeichnung; für Reise, Medien und Bildung.";"Sprachbezeichnung; für Reise, Medien und Bildung.";extended;B1;4;4;language|proper-name|b1|v012;draft;المالديفية;المالديفية;;;;neutral;false;"Eigenname/Fachbezeichnung; CLDR-Bezeichnung, redaktionelle Ausspracheprüfung ausstehend."
lang_mt;المالطية;المالطية;ālmālṭya;Maltesisch;languages;Sprachen;noun;;;;;"Sprachbezeichnung; für Reise, Medien und Bildung.";"Sprachbezeichnung; für Reise, Medien und Bildung.";extended;B1;4;4;language|proper-name|b1|v012;draft;المالطية;المالطية;;;;neutral;false;"Eigenname/Fachbezeichnung; CLDR-Bezeichnung, redaktionelle Ausspracheprüfung ausstehend."
lang_lb;اللكسمبورغية;اللكسمبورغية;āllksmbwrghya;Luxemburgisch;languages;Sprachen;noun;;;;;"Sprachbezeichnung; für Reise, Medien und Bildung.";"Sprachbezeichnung; für Reise, Medien und Bildung.";extended;B1;4;4;language|proper-name|b1|v012;draft;اللكسمبورغية;اللكسمبورغية;;;;neutral;false;"Eigenname/Fachbezeichnung; CLDR-Bezeichnung, redaktionelle Ausspracheprüfung ausstehend."
lang_be;البيلاروسية;البيلاروسية;ālbylārwsya;Belarussisch;languages;Sprachen;noun;;;;;"Sprachbezeichnung; für Reise, Medien und Bildung.";"Sprachbezeichnung; für Reise, Medien und Bildung.";extended;B1;4;4;language|proper-name|b1|v012;draft;البيلاروسية;البيلاروسية;;;;neutral;false;"Eigenname/Fachbezeichnung; CLDR-Bezeichnung, redaktionelle Ausspracheprüfung ausstehend."
lang_eo;الإسبرانتو;الإسبرانتو;ālisbrāntw;Esperanto;languages;Sprachen;noun;;;;;"Sprachbezeichnung; für Reise, Medien und Bildung.";"Sprachbezeichnung; für Reise, Medien und Bildung.";extended;B1;4;4;language|proper-name|b1|v012;draft;الإسبرانتو;الإسبرانتو;;;;neutral;false;"Eigenname/Fachbezeichnung; CLDR-Bezeichnung, redaktionelle Ausspracheprüfung ausstehend."
lang_la;اللاتينية;اللاتينية;āllātynya;Latein;languages;Sprachen;noun;;;;;"Sprachbezeichnung; für Reise, Medien und Bildung.";"Sprachbezeichnung; für Reise, Medien und Bildung.";extended;B1;4;4;language|proper-name|b1|v012;draft;اللاتينية;اللاتينية;;;;neutral;false;"Eigenname/Fachbezeichnung; CLDR-Bezeichnung, redaktionelle Ausspracheprüfung ausstehend."
lang_sa;السنسكريتية;السنسكريتية;ālsnskrytya;Sanskrit;languages;Sprachen;noun;;;;;"Sprachbezeichnung; für Reise, Medien und Bildung.";"Sprachbezeichnung; für Reise, Medien und Bildung.";extended;B1;4;4;language|proper-name|b1|v012;draft;السنسكريتية;السنسكريتية;;;;neutral;false;"Eigenname/Fachbezeichnung; CLDR-Bezeichnung, redaktionelle Ausspracheprüfung ausstehend."
lang_bo;التبتية;التبتية;āltbtya;Tibetisch;languages;Sprachen;noun;;;;;"Sprachbezeichnung; für Reise, Medien und Bildung.";"Sprachbezeichnung; für Reise, Medien und Bildung.";extended;B1;4;4;language|proper-name|b1|v012;draft;التبتية;التبتية;;;;neutral;false;"Eigenname/Fachbezeichnung; CLDR-Bezeichnung, redaktionelle Ausspracheprüfung ausstehend."
lang_ug;الأويغورية;الأويغورية;ālawyghwrya;Uigurisch;languages;Sprachen;noun;;;;;"Sprachbezeichnung; für Reise, Medien und Bildung.";"Sprachbezeichnung; für Reise, Medien und Bildung.";extended;B1;4;4;language|proper-name|b1|v012;draft;الأويغورية;الأويغورية;;;;neutral;false;"Eigenname/Fachbezeichnung; CLDR-Bezeichnung, redaktionelle Ausspracheprüfung ausstehend."
lang_tt;التترية;التترية;ālttrya;Tatarisch;languages;Sprachen;noun;;;;;"Sprachbezeichnung; für Reise, Medien und Bildung.";"Sprachbezeichnung; für Reise, Medien und Bildung.";extended;B1;4;4;language|proper-name|b1|v012;draft;التترية;التترية;;;;neutral;false;"Eigenname/Fachbezeichnung; CLDR-Bezeichnung, redaktionelle Ausspracheprüfung ausstehend."
lang_ba;الباشكيرية;الباشكيرية;ālbāshkyrya;Baschkirisch;languages;Sprachen;noun;;;;;"Sprachbezeichnung; für Reise, Medien und Bildung.";"Sprachbezeichnung; für Reise, Medien und Bildung.";extended;B1;4;4;language|proper-name|b1|v012;draft;الباشكيرية;الباشكيرية;;;;neutral;false;"Eigenname/Fachbezeichnung; CLDR-Bezeichnung, redaktionelle Ausspracheprüfung ausstehend."
lang_ab;الأبخازية;الأبخازية;ālabkhāzya;Abchasisch;languages;Sprachen;noun;;;;;"Sprachbezeichnung; für Reise, Medien und Bildung.";"Sprachbezeichnung; für Reise, Medien und Bildung.";extended;B1;4;4;language|proper-name|b1|v012;draft;الأبخازية;الأبخازية;;;;neutral;false;"Eigenname/Fachbezeichnung; CLDR-Bezeichnung, redaktionelle Ausspracheprüfung ausstehend."
lang_ace;الأتشينيزية;الأتشينيزية;ālatshynyzya;Aceh;languages;Sprachen;noun;;;;;"Sprachbezeichnung; für Reise, Medien und Bildung.";"Sprachbezeichnung; für Reise, Medien und Bildung.";extended;B1;4;4;language|proper-name|b1|v012;draft;الأتشينيزية;الأتشينيزية;;;;neutral;false;"Eigenname/Fachbezeichnung; CLDR-Bezeichnung, redaktionelle Ausspracheprüfung ausstehend."
lang_ach;الأكولية;الأكولية;ālakwlya;Acholi;languages;Sprachen;noun;;;;;"Sprachbezeichnung; für Reise, Medien und Bildung.";"Sprachbezeichnung; für Reise, Medien und Bildung.";extended;B1;4;4;language|proper-name|b1|v012;draft;الأكولية;الأكولية;;;;neutral;false;"Eigenname/Fachbezeichnung; CLDR-Bezeichnung, redaktionelle Ausspracheprüfung ausstehend."
lang_ada;الأدانجمية;الأدانجمية;āladānjmya;Adangme;languages;Sprachen;noun;;;;;"Sprachbezeichnung; für Reise, Medien und Bildung.";"Sprachbezeichnung; für Reise, Medien und Bildung.";extended;B1;4;4;language|proper-name|b1|v012;draft;الأدانجمية;الأدانجمية;;;;neutral;false;"Eigenname/Fachbezeichnung; CLDR-Bezeichnung, redaktionelle Ausspracheprüfung ausstehend."
lang_ady;الأديغة;الأديغة;āladygha;Adygeisch;languages;Sprachen;noun;;;;;"Sprachbezeichnung; für Reise, Medien und Bildung.";"Sprachbezeichnung; für Reise, Medien und Bildung.";extended;B1;4;4;language|proper-name|b1|v012;draft;الأديغة;الأديغة;;;;neutral;false;"Eigenname/Fachbezeichnung; CLDR-Bezeichnung, redaktionelle Ausspracheprüfung ausstehend."
lang_aa;الأفارية;الأفارية;ālafārya;Afar;languages;Sprachen;noun;;;;;"Sprachbezeichnung; für Reise, Medien und Bildung.";"Sprachbezeichnung; für Reise, Medien und Bildung.";extended;B1;4;4;language|proper-name|b1|v012;draft;الأفارية;الأفارية;;;;neutral;false;"Eigenname/Fachbezeichnung; CLDR-Bezeichnung, redaktionelle Ausspracheprüfung ausstehend."
lang_afh;الأفريهيلية;الأفريهيلية;ālafryhylya;Afrihili;languages;Sprachen;noun;;;;;"Sprachbezeichnung; für Reise, Medien und Bildung.";"Sprachbezeichnung; für Reise, Medien und Bildung.";extended;B1;4;4;language|proper-name|b1|v012;draft;الأفريهيلية;الأفريهيلية;;;;neutral;false;"Eigenname/Fachbezeichnung; CLDR-Bezeichnung, redaktionelle Ausspracheprüfung ausstehend."
lang_agq;الأغم;الأغم;ālaghm;Aghem;languages;Sprachen;noun;;;;;"Sprachbezeichnung; für Reise, Medien und Bildung.";"Sprachbezeichnung; für Reise, Medien und Bildung.";extended;B1;4;4;language|proper-name|b1|v012;draft;الأغم;الأغم;;;;neutral;false;"Eigenname/Fachbezeichnung; CLDR-Bezeichnung, redaktionelle Ausspracheprüfung ausstehend."
lang_ain;الآينوية;الآينوية;ālāynwya;Ainu;languages;Sprachen;noun;;;;;"Sprachbezeichnung; für Reise, Medien und Bildung.";"Sprachbezeichnung; für Reise, Medien und Bildung.";extended;B1;4;4;language|proper-name|b1|v012;draft;الآينوية;الآينوية;;;;neutral;false;"Eigenname/Fachbezeichnung; CLDR-Bezeichnung, redaktionelle Ausspracheprüfung ausstehend."
lang_ak;الأكانية;الأكانية;ālakānya;Akan;languages;Sprachen;noun;;;;;"Sprachbezeichnung; für Reise, Medien und Bildung.";"Sprachbezeichnung; für Reise, Medien und Bildung.";extended;B1;4;4;language|proper-name|b1|v012;draft;الأكانية;الأكانية;;;;neutral;false;"Eigenname/Fachbezeichnung; CLDR-Bezeichnung, redaktionelle Ausspracheprüfung ausstehend."
lang_akk;الأكادية;الأكادية;ālakādya;Akkadisch;languages;Sprachen;noun;;;;;"Sprachbezeichnung; für Reise, Medien und Bildung.";"Sprachbezeichnung; für Reise, Medien und Bildung.";extended;B1;4;4;language|proper-name|b1|v012;draft;الأكادية;الأكادية;;;;neutral;false;"Eigenname/Fachbezeichnung; CLDR-Bezeichnung, redaktionelle Ausspracheprüfung ausstehend."
lang_bss;أكوس;أكوس;akws;Akoose;languages;Sprachen;noun;;;;;"Sprachbezeichnung; für Reise, Medien und Bildung.";"Sprachbezeichnung; für Reise, Medien und Bildung.";extended;B1;4;4;language|proper-name|b1|v012;draft;أكوس;أكوس;;;;neutral;false;"Eigenname/Fachbezeichnung; CLDR-Bezeichnung, redaktionelle Ausspracheprüfung ausstehend."
lang_ale;الأليوتية;الأليوتية;ālalywtya;Aleutisch;languages;Sprachen;noun;;;;;"Sprachbezeichnung; für Reise, Medien und Bildung.";"Sprachbezeichnung; für Reise, Medien und Bildung.";extended;B1;4;4;language|proper-name|b1|v012;draft;الأليوتية;الأليوتية;;;;neutral;false;"Eigenname/Fachbezeichnung; CLDR-Bezeichnung, redaktionelle Ausspracheprüfung ausstehend."
lang_nwc;النوارية التقليدية;النوارية التقليدية;ālnwārya āltqlydya;Alt-Newari;languages;Sprachen;noun;;;;;"Sprachbezeichnung; für Reise, Medien und Bildung.";"Sprachbezeichnung; für Reise, Medien und Bildung.";extended;B1;4;4;language|proper-name|b1|v012;draft;النوارية التقليدية;النوارية التقليدية;;;;neutral;false;"Eigenname/Fachbezeichnung; CLDR-Bezeichnung, redaktionelle Ausspracheprüfung ausstehend."
lang_ang;الإنجليزية القديمة;الإنجليزية القديمة;ālinjlyzya ālqdyma;Altenglisch;languages;Sprachen;noun;;;;;"Sprachbezeichnung; für Reise, Medien und Bildung.";"Sprachbezeichnung; für Reise, Medien und Bildung.";extended;B1;4;4;language|proper-name|b1|v012;draft;الإنجليزية القديمة;الإنجليزية القديمة;;;;neutral;false;"Eigenname/Fachbezeichnung; CLDR-Bezeichnung, redaktionelle Ausspracheprüfung ausstehend."
lang_fro;الفرنسية القديمة;الفرنسية القديمة;ālfrnsya ālqdyma;Altfranzösisch;languages;Sprachen;noun;;;;;"Sprachbezeichnung; für Reise, Medien und Bildung.";"Sprachbezeichnung; für Reise, Medien und Bildung.";extended;B1;4;4;language|proper-name|b1|v012;draft;الفرنسية القديمة;الفرنسية القديمة;;;;neutral;false;"Eigenname/Fachbezeichnung; CLDR-Bezeichnung, redaktionelle Ausspracheprüfung ausstehend."
lang_grc;اليونانية القديمة;اليونانية القديمة;ālywnānya ālqdyma;Altgriechisch;languages;Sprachen;noun;;;;;"Sprachbezeichnung; für Reise, Medien und Bildung.";"Sprachbezeichnung; für Reise, Medien und Bildung.";extended;B1;4;4;language|proper-name|b1|v012;draft;اليونانية القديمة;اليونانية القديمة;;;;neutral;false;"Eigenname/Fachbezeichnung; CLDR-Bezeichnung, redaktionelle Ausspracheprüfung ausstehend."
lang_goh;الألمانية العليا القديمة;الألمانية العليا القديمة;ālalmānya ālʿlyā ālqdyma;Althochdeutsch;languages;Sprachen;noun;;;;;"Sprachbezeichnung; für Reise, Medien und Bildung.";"Sprachbezeichnung; für Reise, Medien und Bildung.";extended;B1;4;4;language|proper-name|b1|v012;draft;الألمانية العليا القديمة;الألمانية العليا القديمة;;;;neutral;false;"Eigenname/Fachbezeichnung; CLDR-Bezeichnung, redaktionelle Ausspracheprüfung ausstehend."
lang_sga;الأيرلندية القديمة;الأيرلندية القديمة;ālayrlndya ālqdyma;Altirisch;languages;Sprachen;noun;;;;;"Sprachbezeichnung; für Reise, Medien und Bildung.";"Sprachbezeichnung; für Reise, Medien und Bildung.";extended;B1;4;4;language|proper-name|b1|v012;draft;الأيرلندية القديمة;الأيرلندية القديمة;;;;neutral;false;"Eigenname/Fachbezeichnung; CLDR-Bezeichnung, redaktionelle Ausspracheprüfung ausstehend."
lang_non;النورس القديم;النورس القديم;ālnwrs ālqdym;Altnordisch;languages;Sprachen;noun;;;;;"Sprachbezeichnung; für Reise, Medien und Bildung.";"Sprachbezeichnung; für Reise, Medien und Bildung.";extended;B1;4;4;language|proper-name|b1|v012;draft;النورس القديم;النورس القديم;;;;neutral;false;"Eigenname/Fachbezeichnung; CLDR-Bezeichnung, redaktionelle Ausspracheprüfung ausstehend."
lang_peo;الفارسية القديمة;الفارسية القديمة;ālfārsya ālqdyma;Altpersisch;languages;Sprachen;noun;;;;;"Sprachbezeichnung; für Reise, Medien und Bildung.";"Sprachbezeichnung; für Reise, Medien und Bildung.";extended;B1;4;4;language|proper-name|b1|v012;draft;الفارسية القديمة;الفارسية القديمة;;;;neutral;false;"Eigenname/Fachbezeichnung; CLDR-Bezeichnung, redaktionelle Ausspracheprüfung ausstehend."
lang_prg;البروسياوية;البروسياوية;ālbrwsyāwya;Altpreußisch;languages;Sprachen;noun;;;;;"Sprachbezeichnung; für Reise, Medien und Bildung.";"Sprachbezeichnung; für Reise, Medien und Bildung.";extended;B1;4;4;language|proper-name|b1|v012;draft;البروسياوية;البروسياوية;;;;neutral;false;"Eigenname/Fachbezeichnung; CLDR-Bezeichnung, redaktionelle Ausspracheprüfung ausstehend."
lang_pro;البروفانسية القديمة;البروفانسية القديمة;ālbrwfānsya ālqdyma;Altprovenzalisch;languages;Sprachen;noun;;;;;"Sprachbezeichnung; für Reise, Medien und Bildung.";"Sprachbezeichnung; für Reise, Medien und Bildung.";extended;B1;4;4;language|proper-name|b1|v012;draft;البروفانسية القديمة;البروفانسية القديمة;;;;neutral;false;"Eigenname/Fachbezeichnung; CLDR-Bezeichnung, redaktionelle Ausspracheprüfung ausstehend."
lang_syc;سريانية تقليدية;سريانية تقليدية;sryānya tqlydya;Altsyrisch;languages;Sprachen;noun;;;;;"Sprachbezeichnung; für Reise, Medien und Bildung.";"Sprachbezeichnung; für Reise, Medien und Bildung.";extended;B1;4;4;language|proper-name|b1|v012;draft;سريانية تقليدية;سريانية تقليدية;;;;neutral;false;"Eigenname/Fachbezeichnung; CLDR-Bezeichnung, redaktionelle Ausspracheprüfung ausstehend."
lang_anp;الأنجيكا;الأنجيكا;ālanjykā;Angika;languages;Sprachen;noun;;;;;"Sprachbezeichnung; für Reise, Medien und Bildung.";"Sprachbezeichnung; für Reise, Medien und Bildung.";extended;B1;4;4;language|proper-name|b1|v012;draft;الأنجيكا;الأنجيكا;;;;neutral;false;"Eigenname/Fachbezeichnung; CLDR-Bezeichnung, redaktionelle Ausspracheprüfung ausstehend."
curr_afn;أفغاني;أفغاني;afghāny;Afghanischer Afghani;currencies;Währungen;noun;;;;;"Aktuelle Währungsbezeichnung; überwiegend rezeptiver Fachwortschatz.";"Aktuelle Währungsbezeichnung; überwiegend rezeptiver Fachwortschatz.";extended;B2;5;5;currency|economy|b2|v012;draft;أفغاني;أفغاني;;;;formal;false;"Eigenname/Fachbezeichnung; CLDR-Bezeichnung, redaktionelle Ausspracheprüfung ausstehend."
curr_all;ليك ألباني;ليك ألباني;lyk albāny;Albanischer Lek;currencies;Währungen;noun;;;;;"Aktuelle Währungsbezeichnung; überwiegend rezeptiver Fachwortschatz.";"Aktuelle Währungsbezeichnung; überwiegend rezeptiver Fachwortschatz.";extended;B2;5;5;currency|economy|b2|v012;draft;ليك ألباني;ليك ألباني;;;;formal;false;"Eigenname/Fachbezeichnung; CLDR-Bezeichnung, redaktionelle Ausspracheprüfung ausstehend."
curr_dzd;دينار جزائري;دينار جزائري;dynār jzāʾry;Algerischer Dinar;currencies;Währungen;noun;;;;;"Aktuelle Währungsbezeichnung; überwiegend rezeptiver Fachwortschatz.";"Aktuelle Währungsbezeichnung; überwiegend rezeptiver Fachwortschatz.";extended;B2;5;5;currency|economy|b2|v012;draft;دينار جزائري;دينار جزائري;;;;formal;false;"Eigenname/Fachbezeichnung; CLDR-Bezeichnung, redaktionelle Ausspracheprüfung ausstehend."
curr_aoa;كوانزا أنغولي;كوانزا أنغولي;kwānzā anghwly;Angolanischer Kwanza;currencies;Währungen;noun;;;;;"Aktuelle Währungsbezeichnung; überwiegend rezeptiver Fachwortschatz.";"Aktuelle Währungsbezeichnung; überwiegend rezeptiver Fachwortschatz.";extended;B2;5;5;currency|economy|b2|v012;draft;كوانزا أنغولي;كوانزا أنغولي;;;;formal;false;"Eigenname/Fachbezeichnung; CLDR-Bezeichnung, redaktionelle Ausspracheprüfung ausstehend."
curr_ars;بيزو أرجنتيني;بيزو أرجنتيني;byzw arjntyny;Argentinischer Peso;currencies;Währungen;noun;;;;;"Aktuelle Währungsbezeichnung; überwiegend rezeptiver Fachwortschatz.";"Aktuelle Währungsbezeichnung; überwiegend rezeptiver Fachwortschatz.";extended;B2;5;5;currency|economy|b2|v012;draft;بيزو أرجنتيني;بيزو أرجنتيني;;;;formal;false;"Eigenname/Fachbezeichnung; CLDR-Bezeichnung, redaktionelle Ausspracheprüfung ausstehend."
curr_amd;درام أرميني;درام أرميني;drām armyny;Armenischer Dram;currencies;Währungen;noun;;;;;"Aktuelle Währungsbezeichnung; überwiegend rezeptiver Fachwortschatz.";"Aktuelle Währungsbezeichnung; überwiegend rezeptiver Fachwortschatz.";extended;B2;5;5;currency|economy|b2|v012;draft;درام أرميني;درام أرميني;;;;formal;false;"Eigenname/Fachbezeichnung; CLDR-Bezeichnung, redaktionelle Ausspracheprüfung ausstehend."
curr_awg;فلورن أروبي;فلورن أروبي;flwrn arwby;Aruba-Florin;currencies;Währungen;noun;;;;;"Aktuelle Währungsbezeichnung; überwiegend rezeptiver Fachwortschatz.";"Aktuelle Währungsbezeichnung; überwiegend rezeptiver Fachwortschatz.";extended;B2;5;5;currency|economy|b2|v012;draft;فلورن أروبي;فلورن أروبي;;;;formal;false;"Eigenname/Fachbezeichnung; CLDR-Bezeichnung, redaktionelle Ausspracheprüfung ausstehend."
curr_azn;مانات أذربيجان;مانات أذربيجان;mānāt adhrbyjān;Aserbaidschan-Manat;currencies;Währungen;noun;;;;;"Aktuelle Währungsbezeichnung; überwiegend rezeptiver Fachwortschatz.";"Aktuelle Währungsbezeichnung; überwiegend rezeptiver Fachwortschatz.";extended;B2;5;5;currency|economy|b2|v012;draft;مانات أذربيجان;مانات أذربيجان;;;;formal;false;"Eigenname/Fachbezeichnung; CLDR-Bezeichnung, redaktionelle Ausspracheprüfung ausstehend."
curr_aud;دولار أسترالي;دولار أسترالي;dwlār astrāly;Australischer Dollar;currencies;Währungen;noun;;;;;"Aktuelle Währungsbezeichnung; überwiegend rezeptiver Fachwortschatz.";"Aktuelle Währungsbezeichnung; überwiegend rezeptiver Fachwortschatz.";extended;B2;5;5;currency|economy|b2|v012;draft;دولار أسترالي;دولار أسترالي;;;;formal;false;"Eigenname/Fachbezeichnung; CLDR-Bezeichnung, redaktionelle Ausspracheprüfung ausstehend."
curr_bsd;دولار باهامي;دولار باهامي;dwlār bāhāmy;Bahamas-Dollar;currencies;Währungen;noun;;;;;"Aktuelle Währungsbezeichnung; überwiegend rezeptiver Fachwortschatz.";"Aktuelle Währungsbezeichnung; überwiegend rezeptiver Fachwortschatz.";extended;B2;5;5;currency|economy|b2|v012;draft;دولار باهامي;دولار باهامي;;;;formal;false;"Eigenname/Fachbezeichnung; CLDR-Bezeichnung, redaktionelle Ausspracheprüfung ausstehend."
curr_bhd;دينار بحريني;دينار بحريني;dynār bḥryny;Bahrain-Dinar;currencies;Währungen;noun;;;;;"Aktuelle Währungsbezeichnung; überwiegend rezeptiver Fachwortschatz.";"Aktuelle Währungsbezeichnung; überwiegend rezeptiver Fachwortschatz.";extended;B2;5;5;currency|economy|b2|v012;draft;دينار بحريني;دينار بحريني;;;;formal;false;"Eigenname/Fachbezeichnung; CLDR-Bezeichnung, redaktionelle Ausspracheprüfung ausstehend."
curr_bdt;تاكا بنغلاديشي;تاكا بنغلاديشي;tākā bnghlādyshy;Bangladesch-Taka;currencies;Währungen;noun;;;;;"Aktuelle Währungsbezeichnung; überwiegend rezeptiver Fachwortschatz.";"Aktuelle Währungsbezeichnung; überwiegend rezeptiver Fachwortschatz.";extended;B2;5;5;currency|economy|b2|v012;draft;تاكا بنغلاديشي;تاكا بنغلاديشي;;;;formal;false;"Eigenname/Fachbezeichnung; CLDR-Bezeichnung, redaktionelle Ausspracheprüfung ausstehend."
curr_bbd;دولار بربادوسي;دولار بربادوسي;dwlār brbādwsy;Barbados-Dollar;currencies;Währungen;noun;;;;;"Aktuelle Währungsbezeichnung; überwiegend rezeptiver Fachwortschatz.";"Aktuelle Währungsbezeichnung; überwiegend rezeptiver Fachwortschatz.";extended;B2;5;5;currency|economy|b2|v012;draft;دولار بربادوسي;دولار بربادوسي;;;;formal;false;"Eigenname/Fachbezeichnung; CLDR-Bezeichnung, redaktionelle Ausspracheprüfung ausstehend."
curr_bzd;دولار بليزي;دولار بليزي;dwlār blyzy;Belize-Dollar;currencies;Währungen;noun;;;;;"Aktuelle Währungsbezeichnung; überwiegend rezeptiver Fachwortschatz.";"Aktuelle Währungsbezeichnung; überwiegend rezeptiver Fachwortschatz.";extended;B2;5;5;currency|economy|b2|v012;draft;دولار بليزي;دولار بليزي;;;;formal;false;"Eigenname/Fachbezeichnung; CLDR-Bezeichnung, redaktionelle Ausspracheprüfung ausstehend."
curr_bmd;دولار برمودي;دولار برمودي;dwlār brmwdy;Bermuda-Dollar;currencies;Währungen;noun;;;;;"Aktuelle Währungsbezeichnung; überwiegend rezeptiver Fachwortschatz.";"Aktuelle Währungsbezeichnung; überwiegend rezeptiver Fachwortschatz.";extended;B2;5;5;currency|economy|b2|v012;draft;دولار برمودي;دولار برمودي;;;;formal;false;"Eigenname/Fachbezeichnung; CLDR-Bezeichnung, redaktionelle Ausspracheprüfung ausstehend."
curr_btn;نولتوم بوتاني;نولتوم بوتاني;nwltwm bwtāny;Bhutan-Ngultrum;currencies;Währungen;noun;;;;;"Aktuelle Währungsbezeichnung; überwiegend rezeptiver Fachwortschatz.";"Aktuelle Währungsbezeichnung; überwiegend rezeptiver Fachwortschatz.";extended;B2;5;5;currency|economy|b2|v012;draft;نولتوم بوتاني;نولتوم بوتاني;;;;formal;false;"Eigenname/Fachbezeichnung; CLDR-Bezeichnung, redaktionelle Ausspracheprüfung ausstehend."
curr_bob;بوليفيانو بوليفي;بوليفيانو بوليفي;bwlyfyānw bwlyfy;Bolivianischer Boliviano;currencies;Währungen;noun;;;;;"Aktuelle Währungsbezeichnung; überwiegend rezeptiver Fachwortschatz.";"Aktuelle Währungsbezeichnung; überwiegend rezeptiver Fachwortschatz.";extended;B2;5;5;currency|economy|b2|v012;draft;بوليفيانو بوليفي;بوليفيانو بوليفي;;;;formal;false;"Eigenname/Fachbezeichnung; CLDR-Bezeichnung, redaktionelle Ausspracheprüfung ausstehend."
curr_bwp;بولا بتسواني;بولا بتسواني;bwlā btswāny;Botswanischer Pula;currencies;Währungen;noun;;;;;"Aktuelle Währungsbezeichnung; überwiegend rezeptiver Fachwortschatz.";"Aktuelle Währungsbezeichnung; überwiegend rezeptiver Fachwortschatz.";extended;B2;5;5;currency|economy|b2|v012;draft;بولا بتسواني;بولا بتسواني;;;;formal;false;"Eigenname/Fachbezeichnung; CLDR-Bezeichnung, redaktionelle Ausspracheprüfung ausstehend."
curr_brl;ريال برازيلي;ريال برازيلي;ryāl brāzyly;Brasilianischer Real;currencies;Währungen;noun;;;;;"Aktuelle Währungsbezeichnung; überwiegend rezeptiver Fachwortschatz.";"Aktuelle Währungsbezeichnung; überwiegend rezeptiver Fachwortschatz.";extended;B2;5;5;currency|economy|b2|v012;draft;ريال برازيلي;ريال برازيلي;;;;formal;false;"Eigenname/Fachbezeichnung; CLDR-Bezeichnung, redaktionelle Ausspracheprüfung ausstehend."
curr_gbp;جنيه إسترليني;جنيه إسترليني;jnyh istrlyny;Britisches Pfund;currencies;Währungen;noun;;;;;"Aktuelle Währungsbezeichnung; überwiegend rezeptiver Fachwortschatz.";"Aktuelle Währungsbezeichnung; überwiegend rezeptiver Fachwortschatz.";extended;B2;5;5;currency|economy|b2|v012;draft;جنيه إسترليني;جنيه إسترليني;;;;formal;false;"Eigenname/Fachbezeichnung; CLDR-Bezeichnung, redaktionelle Ausspracheprüfung ausstehend."
curr_bnd;دولار بروناي;دولار بروناي;dwlār brwnāy;Brunei-Dollar;currencies;Währungen;noun;;;;;"Aktuelle Währungsbezeichnung; überwiegend rezeptiver Fachwortschatz.";"Aktuelle Währungsbezeichnung; überwiegend rezeptiver Fachwortschatz.";extended;B2;5;5;currency|economy|b2|v012;draft;دولار بروناي;دولار بروناي;;;;formal;false;"Eigenname/Fachbezeichnung; CLDR-Bezeichnung, redaktionelle Ausspracheprüfung ausstehend."
curr_bgn;ليف بلغاري;ليف بلغاري;lyf blghāry;Bulgarischer Lew;currencies;Währungen;noun;;;;;"Aktuelle Währungsbezeichnung; überwiegend rezeptiver Fachwortschatz.";"Aktuelle Währungsbezeichnung; überwiegend rezeptiver Fachwortschatz.";extended;B2;5;5;currency|economy|b2|v012;draft;ليف بلغاري;ليف بلغاري;;;;formal;false;"Eigenname/Fachbezeichnung; CLDR-Bezeichnung, redaktionelle Ausspracheprüfung ausstehend."
curr_bif;فرنك بروندي;فرنك بروندي;frnk brwndy;Burundi-Franc;currencies;Währungen;noun;;;;;"Aktuelle Währungsbezeichnung; überwiegend rezeptiver Fachwortschatz.";"Aktuelle Währungsbezeichnung; überwiegend rezeptiver Fachwortschatz.";extended;B2;5;5;currency|economy|b2|v012;draft;فرنك بروندي;فرنك بروندي;;;;formal;false;"Eigenname/Fachbezeichnung; CLDR-Bezeichnung, redaktionelle Ausspracheprüfung ausstehend."
curr_cve;اسكودو الرأس الأخضر;اسكودو الرأس الأخضر;āskwdw ālras ālakhḍr;Cabo-Verde-Escudo;currencies;Währungen;noun;;;;;"Aktuelle Währungsbezeichnung; überwiegend rezeptiver Fachwortschatz.";"Aktuelle Währungsbezeichnung; überwiegend rezeptiver Fachwortschatz.";extended;B2;5;5;currency|economy|b2|v012;draft;اسكودو الرأس الأخضر;اسكودو الرأس الأخضر;;;;formal;false;"Eigenname/Fachbezeichnung; CLDR-Bezeichnung, redaktionelle Ausspracheprüfung ausstehend."
curr_xof;فرنك غرب أفريقي;فرنك غرب أفريقي;frnk ghrb afryqy;CFA-Franc (BCEAO);currencies;Währungen;noun;;;;;"Aktuelle Währungsbezeichnung; überwiegend rezeptiver Fachwortschatz.";"Aktuelle Währungsbezeichnung; überwiegend rezeptiver Fachwortschatz.";extended;B2;5;5;currency|economy|b2|v012;draft;فرنك غرب أفريقي;فرنك غرب أفريقي;;;;formal;false;"Eigenname/Fachbezeichnung; CLDR-Bezeichnung, redaktionelle Ausspracheprüfung ausstehend."
curr_xaf;فرنك وسط أفريقي;فرنك وسط أفريقي;frnk wsṭ afryqy;CFA-Franc (BEAC);currencies;Währungen;noun;;;;;"Aktuelle Währungsbezeichnung; überwiegend rezeptiver Fachwortschatz.";"Aktuelle Währungsbezeichnung; überwiegend rezeptiver Fachwortschatz.";extended;B2;5;5;currency|economy|b2|v012;draft;فرنك وسط أفريقي;فرنك وسط أفريقي;;;;formal;false;"Eigenname/Fachbezeichnung; CLDR-Bezeichnung, redaktionelle Ausspracheprüfung ausstehend."
curr_xpf;فرنك سي إف بي;فرنك سي إف بي;frnk sy if by;CFP-Franc;currencies;Währungen;noun;;;;;"Aktuelle Währungsbezeichnung; überwiegend rezeptiver Fachwortschatz.";"Aktuelle Währungsbezeichnung; überwiegend rezeptiver Fachwortschatz.";extended;B2;5;5;currency|economy|b2|v012;draft;فرنك سي إف بي;فرنك سي إف بي;;;;formal;false;"Eigenname/Fachbezeichnung; CLDR-Bezeichnung, redaktionelle Ausspracheprüfung ausstehend."
curr_clp;بيزو تشيلي;بيزو تشيلي;byzw tshyly;Chilenischer Peso;currencies;Währungen;noun;;;;;"Aktuelle Währungsbezeichnung; überwiegend rezeptiver Fachwortschatz.";"Aktuelle Währungsbezeichnung; überwiegend rezeptiver Fachwortschatz.";extended;B2;5;5;currency|economy|b2|v012;draft;بيزو تشيلي;بيزو تشيلي;;;;formal;false;"Eigenname/Fachbezeichnung; CLDR-Bezeichnung, redaktionelle Ausspracheprüfung ausstehend."
curr_crc;كولن كوستاريكي;كولن كوستاريكي;kwln kwstāryky;Costa-Rica-Colón;currencies;Währungen;noun;;;;;"Aktuelle Währungsbezeichnung; überwiegend rezeptiver Fachwortschatz.";"Aktuelle Währungsbezeichnung; überwiegend rezeptiver Fachwortschatz.";extended;B2;5;5;currency|economy|b2|v012;draft;كولن كوستاريكي;كولن كوستاريكي;;;;formal;false;"Eigenname/Fachbezeichnung; CLDR-Bezeichnung, redaktionelle Ausspracheprüfung ausstehend."
curr_dop;بيزو الدومنيكان;بيزو الدومنيكان;byzw āldwmnykān;Dominikanischer Peso;currencies;Währungen;noun;;;;;"Aktuelle Währungsbezeichnung; überwiegend rezeptiver Fachwortschatz.";"Aktuelle Währungsbezeichnung; überwiegend rezeptiver Fachwortschatz.";extended;B2;5;5;currency|economy|b2|v012;draft;بيزو الدومنيكان;بيزو الدومنيكان;;;;formal;false;"Eigenname/Fachbezeichnung; CLDR-Bezeichnung, redaktionelle Ausspracheprüfung ausstehend."
curr_djf;فرنك جيبوتي;فرنك جيبوتي;frnk jybwty;Dschibuti-Franc;currencies;Währungen;noun;;;;;"Aktuelle Währungsbezeichnung; überwiegend rezeptiver Fachwortschatz.";"Aktuelle Währungsbezeichnung; überwiegend rezeptiver Fachwortschatz.";extended;B2;5;5;currency|economy|b2|v012;draft;فرنك جيبوتي;فرنك جيبوتي;;;;formal;false;"Eigenname/Fachbezeichnung; CLDR-Bezeichnung, redaktionelle Ausspracheprüfung ausstehend."
curr_dkk;كرونة دنماركية;كرونة دنماركية;krwna dnmārkya;Dänische Krone;currencies;Währungen;noun;;;;;"Aktuelle Währungsbezeichnung; überwiegend rezeptiver Fachwortschatz.";"Aktuelle Währungsbezeichnung; überwiegend rezeptiver Fachwortschatz.";extended;B2;5;5;currency|economy|b2|v012;draft;كرونة دنماركية;كرونة دنماركية;;;;formal;false;"Eigenname/Fachbezeichnung; CLDR-Bezeichnung, redaktionelle Ausspracheprüfung ausstehend."
curr_ern;ناكفا أريتري;ناكفا أريتري;nākfā arytry;Eritreischer Nakfa;currencies;Währungen;noun;;;;;"Aktuelle Währungsbezeichnung; überwiegend rezeptiver Fachwortschatz.";"Aktuelle Währungsbezeichnung; überwiegend rezeptiver Fachwortschatz.";extended;B2;5;5;currency|economy|b2|v012;draft;ناكفا أريتري;ناكفا أريتري;;;;formal;false;"Eigenname/Fachbezeichnung; CLDR-Bezeichnung, redaktionelle Ausspracheprüfung ausstehend."
curr_eur;يورو;يورو;ywrw;Euro;currencies;Währungen;noun;;;;;"Aktuelle Währungsbezeichnung; überwiegend rezeptiver Fachwortschatz.";"Aktuelle Währungsbezeichnung; überwiegend rezeptiver Fachwortschatz.";extended;B2;5;5;currency|economy|b2|v012;draft;يورو;يورو;;;;formal;false;"Eigenname/Fachbezeichnung; CLDR-Bezeichnung, redaktionelle Ausspracheprüfung ausstehend."
curr_fkp;جنيه جزر فوكلاند;جنيه جزر فوكلاند;jnyh jzr fwklānd;Falkland-Pfund;currencies;Währungen;noun;;;;;"Aktuelle Währungsbezeichnung; überwiegend rezeptiver Fachwortschatz.";"Aktuelle Währungsbezeichnung; überwiegend rezeptiver Fachwortschatz.";extended;B2;5;5;currency|economy|b2|v012;draft;جنيه جزر فوكلاند;جنيه جزر فوكلاند;;;;formal;false;"Eigenname/Fachbezeichnung; CLDR-Bezeichnung, redaktionelle Ausspracheprüfung ausstehend."
curr_fjd;دولار فيجي;دولار فيجي;dwlār fyjy;Fidschi-Dollar;currencies;Währungen;noun;;;;;"Aktuelle Währungsbezeichnung; überwiegend rezeptiver Fachwortschatz.";"Aktuelle Währungsbezeichnung; überwiegend rezeptiver Fachwortschatz.";extended;B2;5;5;currency|economy|b2|v012;draft;دولار فيجي;دولار فيجي;;;;formal;false;"Eigenname/Fachbezeichnung; CLDR-Bezeichnung, redaktionelle Ausspracheprüfung ausstehend."
curr_gmd;دلاسي غامبي;دلاسي غامبي;dlāsy ghāmby;Gambia-Dalasi;currencies;Währungen;noun;;;;;"Aktuelle Währungsbezeichnung; überwiegend rezeptiver Fachwortschatz.";"Aktuelle Währungsbezeichnung; überwiegend rezeptiver Fachwortschatz.";extended;B2;5;5;currency|economy|b2|v012;draft;دلاسي غامبي;دلاسي غامبي;;;;formal;false;"Eigenname/Fachbezeichnung; CLDR-Bezeichnung, redaktionelle Ausspracheprüfung ausstehend."
curr_gel;لارى جورجي;لارى جورجي;lārā jwrjy;Georgischer Lari;currencies;Währungen;noun;;;;;"Aktuelle Währungsbezeichnung; überwiegend rezeptiver Fachwortschatz.";"Aktuelle Währungsbezeichnung; überwiegend rezeptiver Fachwortschatz.";extended;B2;5;5;currency|economy|b2|v012;draft;لارى جورجي;لارى جورجي;;;;formal;false;"Eigenname/Fachbezeichnung; CLDR-Bezeichnung, redaktionelle Ausspracheprüfung ausstehend."
curr_ghs;سيدي غانا;سيدي غانا;sydy ghānā;Ghanaischer Cedi;currencies;Währungen;noun;;;;;"Aktuelle Währungsbezeichnung; überwiegend rezeptiver Fachwortschatz.";"Aktuelle Währungsbezeichnung; überwiegend rezeptiver Fachwortschatz.";extended;B2;5;5;currency|economy|b2|v012;draft;سيدي غانا;سيدي غانا;;;;formal;false;"Eigenname/Fachbezeichnung; CLDR-Bezeichnung, redaktionelle Ausspracheprüfung ausstehend."
curr_gip;جنيه جبل طارق;جنيه جبل طارق;jnyh jbl ṭārq;Gibraltar-Pfund;currencies;Währungen;noun;;;;;"Aktuelle Währungsbezeichnung; überwiegend rezeptiver Fachwortschatz.";"Aktuelle Währungsbezeichnung; überwiegend rezeptiver Fachwortschatz.";extended;B2;5;5;currency|economy|b2|v012;draft;جنيه جبل طارق;جنيه جبل طارق;;;;formal;false;"Eigenname/Fachbezeichnung; CLDR-Bezeichnung, redaktionelle Ausspracheprüfung ausstehend."
curr_gtq;كوتزال غواتيمالا;كوتزال غواتيمالا;kwtzāl ghwātymālā;Guatemaltekischer Quetzal;currencies;Währungen;noun;;;;;"Aktuelle Währungsbezeichnung; überwiegend rezeptiver Fachwortschatz.";"Aktuelle Währungsbezeichnung; überwiegend rezeptiver Fachwortschatz.";extended;B2;5;5;currency|economy|b2|v012;draft;كوتزال غواتيمالا;كوتزال غواتيمالا;;;;formal;false;"Eigenname/Fachbezeichnung; CLDR-Bezeichnung, redaktionelle Ausspracheprüfung ausstehend."
curr_gnf;فرنك غينيا;فرنك غينيا;frnk ghynyā;Guinea-Franc;currencies;Währungen;noun;;;;;"Aktuelle Währungsbezeichnung; überwiegend rezeptiver Fachwortschatz.";"Aktuelle Währungsbezeichnung; überwiegend rezeptiver Fachwortschatz.";extended;B2;5;5;currency|economy|b2|v012;draft;فرنك غينيا;فرنك غينيا;;;;formal;false;"Eigenname/Fachbezeichnung; CLDR-Bezeichnung, redaktionelle Ausspracheprüfung ausstehend."
curr_gyd;دولار غيانا;دولار غيانا;dwlār ghyānā;Guyana-Dollar;currencies;Währungen;noun;;;;;"Aktuelle Währungsbezeichnung; überwiegend rezeptiver Fachwortschatz.";"Aktuelle Währungsbezeichnung; überwiegend rezeptiver Fachwortschatz.";extended;B2;5;5;currency|economy|b2|v012;draft;دولار غيانا;دولار غيانا;;;;formal;false;"Eigenname/Fachbezeichnung; CLDR-Bezeichnung, redaktionelle Ausspracheprüfung ausstehend."
curr_htg;جوردى هايتي;جوردى هايتي;jwrdā hāyty;Haitianische Gourde;currencies;Währungen;noun;;;;;"Aktuelle Währungsbezeichnung; überwiegend rezeptiver Fachwortschatz.";"Aktuelle Währungsbezeichnung; überwiegend rezeptiver Fachwortschatz.";extended;B2;5;5;currency|economy|b2|v012;draft;جوردى هايتي;جوردى هايتي;;;;formal;false;"Eigenname/Fachbezeichnung; CLDR-Bezeichnung, redaktionelle Ausspracheprüfung ausstehend."
curr_hnl;ليمبيرا هنداروس;ليمبيرا هنداروس;lymbyrā hndārws;Honduras-Lempira;currencies;Währungen;noun;;;;;"Aktuelle Währungsbezeichnung; überwiegend rezeptiver Fachwortschatz.";"Aktuelle Währungsbezeichnung; überwiegend rezeptiver Fachwortschatz.";extended;B2;5;5;currency|economy|b2|v012;draft;ليمبيرا هنداروس;ليمبيرا هنداروس;;;;formal;false;"Eigenname/Fachbezeichnung; CLDR-Bezeichnung, redaktionelle Ausspracheprüfung ausstehend."
curr_hkd;دولار هونغ كونغ;دولار هونغ كونغ;dwlār hwngh kwngh;Hongkong-Dollar;currencies;Währungen;noun;;;;;"Aktuelle Währungsbezeichnung; überwiegend rezeptiver Fachwortschatz.";"Aktuelle Währungsbezeichnung; überwiegend rezeptiver Fachwortschatz.";extended;B2;5;5;currency|economy|b2|v012;draft;دولار هونغ كونغ;دولار هونغ كونغ;;;;formal;false;"Eigenname/Fachbezeichnung; CLDR-Bezeichnung, redaktionelle Ausspracheprüfung ausstehend."
curr_inr;روبية هندي;روبية هندي;rwbya hndy;Indische Rupie;currencies;Währungen;noun;;;;;"Aktuelle Währungsbezeichnung; überwiegend rezeptiver Fachwortschatz.";"Aktuelle Währungsbezeichnung; überwiegend rezeptiver Fachwortschatz.";extended;B2;5;5;currency|economy|b2|v012;draft;روبية هندي;روبية هندي;;;;formal;false;"Eigenname/Fachbezeichnung; CLDR-Bezeichnung, redaktionelle Ausspracheprüfung ausstehend."
curr_idr;روبية إندونيسية;روبية إندونيسية;rwbya indwnysya;Indonesische Rupiah;currencies;Währungen;noun;;;;;"Aktuelle Währungsbezeichnung; überwiegend rezeptiver Fachwortschatz.";"Aktuelle Währungsbezeichnung; überwiegend rezeptiver Fachwortschatz.";extended;B2;5;5;currency|economy|b2|v012;draft;روبية إندونيسية;روبية إندونيسية;;;;formal;false;"Eigenname/Fachbezeichnung; CLDR-Bezeichnung, redaktionelle Ausspracheprüfung ausstehend."
curr_iqd;دينار عراقي;دينار عراقي;dynār ʿrāqy;Irakischer Dinar;currencies;Währungen;noun;;;;;"Aktuelle Währungsbezeichnung; überwiegend rezeptiver Fachwortschatz.";"Aktuelle Währungsbezeichnung; überwiegend rezeptiver Fachwortschatz.";extended;B2;5;5;currency|economy|b2|v012;draft;دينار عراقي;دينار عراقي;;;;formal;false;"Eigenname/Fachbezeichnung; CLDR-Bezeichnung, redaktionelle Ausspracheprüfung ausstehend."
curr_irr;ريال إيراني;ريال إيراني;ryāl iyrāny;Iranischer Rial;currencies;Währungen;noun;;;;;"Aktuelle Währungsbezeichnung; überwiegend rezeptiver Fachwortschatz.";"Aktuelle Währungsbezeichnung; überwiegend rezeptiver Fachwortschatz.";extended;B2;5;5;currency|economy|b2|v012;draft;ريال إيراني;ريال إيراني;;;;formal;false;"Eigenname/Fachbezeichnung; CLDR-Bezeichnung, redaktionelle Ausspracheprüfung ausstehend."
curr_isk;كرونة أيسلندية;كرونة أيسلندية;krwna ayslndya;Isländische Krone;currencies;Währungen;noun;;;;;"Aktuelle Währungsbezeichnung; überwiegend rezeptiver Fachwortschatz.";"Aktuelle Währungsbezeichnung; überwiegend rezeptiver Fachwortschatz.";extended;B2;5;5;currency|economy|b2|v012;draft;كرونة أيسلندية;كرونة أيسلندية;;;;formal;false;"Eigenname/Fachbezeichnung; CLDR-Bezeichnung, redaktionelle Ausspracheprüfung ausstehend."
curr_ils;شيكل إسرائيلي جديد;شيكل إسرائيلي جديد;shykl isrāʾyly jdyd;Israelischer Neuer Schekel;currencies;Währungen;noun;;;;;"Aktuelle Währungsbezeichnung; überwiegend rezeptiver Fachwortschatz.";"Aktuelle Währungsbezeichnung; überwiegend rezeptiver Fachwortschatz.";extended;B2;5;5;currency|economy|b2|v012;draft;شيكل إسرائيلي جديد;شيكل إسرائيلي جديد;;;;formal;false;"Eigenname/Fachbezeichnung; CLDR-Bezeichnung, redaktionelle Ausspracheprüfung ausstehend."
curr_jmd;دولار جامايكي;دولار جامايكي;dwlār jāmāyky;Jamaika-Dollar;currencies;Währungen;noun;;;;;"Aktuelle Währungsbezeichnung; überwiegend rezeptiver Fachwortschatz.";"Aktuelle Währungsbezeichnung; überwiegend rezeptiver Fachwortschatz.";extended;B2;5;5;currency|economy|b2|v012;draft;دولار جامايكي;دولار جامايكي;;;;formal;false;"Eigenname/Fachbezeichnung; CLDR-Bezeichnung, redaktionelle Ausspracheprüfung ausstehend."
curr_jpy;ين ياباني;ين ياباني;yn yābāny;Japanischer Yen;currencies;Währungen;noun;;;;;"Aktuelle Währungsbezeichnung; überwiegend rezeptiver Fachwortschatz.";"Aktuelle Währungsbezeichnung; überwiegend rezeptiver Fachwortschatz.";extended;B2;5;5;currency|economy|b2|v012;draft;ين ياباني;ين ياباني;;;;formal;false;"Eigenname/Fachbezeichnung; CLDR-Bezeichnung, redaktionelle Ausspracheprüfung ausstehend."
curr_yer;ريال يمني;ريال يمني;ryāl ymny;Jemen-Rial;currencies;Währungen;noun;;;;;"Aktuelle Währungsbezeichnung; überwiegend rezeptiver Fachwortschatz.";"Aktuelle Währungsbezeichnung; überwiegend rezeptiver Fachwortschatz.";extended;B2;5;5;currency|economy|b2|v012;draft;ريال يمني;ريال يمني;;;;formal;false;"Eigenname/Fachbezeichnung; CLDR-Bezeichnung, redaktionelle Ausspracheprüfung ausstehend."
curr_jod;دينار أردني;دينار أردني;dynār ardny;Jordanischer Dinar;currencies;Währungen;noun;;;;;"Aktuelle Währungsbezeichnung; überwiegend rezeptiver Fachwortschatz.";"Aktuelle Währungsbezeichnung; überwiegend rezeptiver Fachwortschatz.";extended;B2;5;5;currency|economy|b2|v012;draft;دينار أردني;دينار أردني;;;;formal;false;"Eigenname/Fachbezeichnung; CLDR-Bezeichnung, redaktionelle Ausspracheprüfung ausstehend."
curr_kyd;دولار جزر كيمن;دولار جزر كيمن;dwlār jzr kymn;Kaiman-Dollar;currencies;Währungen;noun;;;;;"Aktuelle Währungsbezeichnung; überwiegend rezeptiver Fachwortschatz.";"Aktuelle Währungsbezeichnung; überwiegend rezeptiver Fachwortschatz.";extended;B2;5;5;currency|economy|b2|v012;draft;دولار جزر كيمن;دولار جزر كيمن;;;;formal;false;"Eigenname/Fachbezeichnung; CLDR-Bezeichnung, redaktionelle Ausspracheprüfung ausstehend."
curr_khr;رييال كمبودي;رييال كمبودي;ryyāl kmbwdy;Kambodschanischer Riel;currencies;Währungen;noun;;;;;"Aktuelle Währungsbezeichnung; überwiegend rezeptiver Fachwortschatz.";"Aktuelle Währungsbezeichnung; überwiegend rezeptiver Fachwortschatz.";extended;B2;5;5;currency|economy|b2|v012;draft;رييال كمبودي;رييال كمبودي;;;;formal;false;"Eigenname/Fachbezeichnung; CLDR-Bezeichnung, redaktionelle Ausspracheprüfung ausstehend."
curr_cad;دولار كندي;دولار كندي;dwlār kndy;Kanadischer Dollar;currencies;Währungen;noun;;;;;"Aktuelle Währungsbezeichnung; überwiegend rezeptiver Fachwortschatz.";"Aktuelle Währungsbezeichnung; überwiegend rezeptiver Fachwortschatz.";extended;B2;5;5;currency|economy|b2|v012;draft;دولار كندي;دولار كندي;;;;formal;false;"Eigenname/Fachbezeichnung; CLDR-Bezeichnung, redaktionelle Ausspracheprüfung ausstehend."
curr_kzt;تينغ كازاخستاني;تينغ كازاخستاني;tyngh kāzākhstāny;Kasachischer Tenge;currencies;Währungen;noun;;;;;"Aktuelle Währungsbezeichnung; überwiegend rezeptiver Fachwortschatz.";"Aktuelle Währungsbezeichnung; überwiegend rezeptiver Fachwortschatz.";extended;B2;5;5;currency|economy|b2|v012;draft;تينغ كازاخستاني;تينغ كازاخستاني;;;;formal;false;"Eigenname/Fachbezeichnung; CLDR-Bezeichnung, redaktionelle Ausspracheprüfung ausstehend."
curr_qar;ريال قطري;ريال قطري;ryāl qṭry;Katar-Riyal;currencies;Währungen;noun;;;;;"Aktuelle Währungsbezeichnung; überwiegend rezeptiver Fachwortschatz.";"Aktuelle Währungsbezeichnung; überwiegend rezeptiver Fachwortschatz.";extended;B2;5;5;currency|economy|b2|v012;draft;ريال قطري;ريال قطري;;;;formal;false;"Eigenname/Fachbezeichnung; CLDR-Bezeichnung, redaktionelle Ausspracheprüfung ausstehend."
curr_kes;شلن كينيي;شلن كينيي;shln kynyy;Kenia-Schilling;currencies;Währungen;noun;;;;;"Aktuelle Währungsbezeichnung; überwiegend rezeptiver Fachwortschatz.";"Aktuelle Währungsbezeichnung; überwiegend rezeptiver Fachwortschatz.";extended;B2;5;5;currency|economy|b2|v012;draft;شلن كينيي;شلن كينيي;;;;formal;false;"Eigenname/Fachbezeichnung; CLDR-Bezeichnung, redaktionelle Ausspracheprüfung ausstehend."
curr_kgs;سوم قيرغستاني;سوم قيرغستاني;swm qyrghstāny;Kirgisischer Som;currencies;Währungen;noun;;;;;"Aktuelle Währungsbezeichnung; überwiegend rezeptiver Fachwortschatz.";"Aktuelle Währungsbezeichnung; überwiegend rezeptiver Fachwortschatz.";extended;B2;5;5;currency|economy|b2|v012;draft;سوم قيرغستاني;سوم قيرغستاني;;;;formal;false;"Eigenname/Fachbezeichnung; CLDR-Bezeichnung, redaktionelle Ausspracheprüfung ausstehend."
curr_cop;بيزو كولومبي;بيزو كولومبي;byzw kwlwmby;Kolumbianischer Peso;currencies;Währungen;noun;;;;;"Aktuelle Währungsbezeichnung; überwiegend rezeptiver Fachwortschatz.";"Aktuelle Währungsbezeichnung; überwiegend rezeptiver Fachwortschatz.";extended;B2;5;5;currency|economy|b2|v012;draft;بيزو كولومبي;بيزو كولومبي;;;;formal;false;"Eigenname/Fachbezeichnung; CLDR-Bezeichnung, redaktionelle Ausspracheprüfung ausstehend."
curr_kmf;فرنك جزر القمر;فرنك جزر القمر;frnk jzr ālqmr;Komoren-Franc;currencies;Währungen;noun;;;;;"Aktuelle Währungsbezeichnung; überwiegend rezeptiver Fachwortschatz.";"Aktuelle Währungsbezeichnung; überwiegend rezeptiver Fachwortschatz.";extended;B2;5;5;currency|economy|b2|v012;draft;فرنك جزر القمر;فرنك جزر القمر;;;;formal;false;"Eigenname/Fachbezeichnung; CLDR-Bezeichnung, redaktionelle Ausspracheprüfung ausstehend."
curr_cdf;فرنك كونغولي;فرنك كونغولي;frnk kwnghwly;Kongo-Franc;currencies;Währungen;noun;;;;;"Aktuelle Währungsbezeichnung; überwiegend rezeptiver Fachwortschatz.";"Aktuelle Währungsbezeichnung; überwiegend rezeptiver Fachwortschatz.";extended;B2;5;5;currency|economy|b2|v012;draft;فرنك كونغولي;فرنك كونغولي;;;;formal;false;"Eigenname/Fachbezeichnung; CLDR-Bezeichnung, redaktionelle Ausspracheprüfung ausstehend."
curr_bam;مارك البوسنة والهرسك قابل للتحويل;مارك البوسنة والهرسك قابل للتحويل;mārk ālbwsna wālhrsk qābl lltḥwyl;Konvertible Mark Bosnien und Herzegowina;currencies;Währungen;noun;;;;;"Aktuelle Währungsbezeichnung; überwiegend rezeptiver Fachwortschatz.";"Aktuelle Währungsbezeichnung; überwiegend rezeptiver Fachwortschatz.";extended;B2;5;5;currency|economy|b2|v012;draft;مارك البوسنة والهرسك قابل للتحويل;مارك البوسنة والهرسك قابل للتحويل;;;;formal;false;"Eigenname/Fachbezeichnung; CLDR-Bezeichnung, redaktionelle Ausspracheprüfung ausstehend."
curr_cup;بيزو كوبي;بيزو كوبي;byzw kwby;Kubanischer Peso;currencies;Währungen;noun;;;;;"Aktuelle Währungsbezeichnung; überwiegend rezeptiver Fachwortschatz.";"Aktuelle Währungsbezeichnung; überwiegend rezeptiver Fachwortschatz.";extended;B2;5;5;currency|economy|b2|v012;draft;بيزو كوبي;بيزو كوبي;;;;formal;false;"Eigenname/Fachbezeichnung; CLDR-Bezeichnung, redaktionelle Ausspracheprüfung ausstehend."
curr_kwd;دينار كويتي;دينار كويتي;dynār kwyty;Kuwait-Dinar;currencies;Währungen;noun;;;;;"Aktuelle Währungsbezeichnung; überwiegend rezeptiver Fachwortschatz.";"Aktuelle Währungsbezeichnung; überwiegend rezeptiver Fachwortschatz.";extended;B2;5;5;currency|economy|b2|v012;draft;دينار كويتي;دينار كويتي;;;;formal;false;"Eigenname/Fachbezeichnung; CLDR-Bezeichnung, redaktionelle Ausspracheprüfung ausstehend."
curr_zmw;كواشا زامبي;كواشا زامبي;kwāshā zāmby;Kwacha;currencies;Währungen;noun;;;;;"Aktuelle Währungsbezeichnung; überwiegend rezeptiver Fachwortschatz.";"Aktuelle Währungsbezeichnung; überwiegend rezeptiver Fachwortschatz.";extended;B2;5;5;currency|economy|b2|v012;draft;كواشا زامبي;كواشا زامبي;;;;formal;false;"Eigenname/Fachbezeichnung; CLDR-Bezeichnung, redaktionelle Ausspracheprüfung ausstehend."
curr_lak;كيب لاوسي;كيب لاوسي;kyb lāwsy;Laotischer Kip;currencies;Währungen;noun;;;;;"Aktuelle Währungsbezeichnung; überwiegend rezeptiver Fachwortschatz.";"Aktuelle Währungsbezeichnung; überwiegend rezeptiver Fachwortschatz.";extended;B2;5;5;currency|economy|b2|v012;draft;كيب لاوسي;كيب لاوسي;;;;formal;false;"Eigenname/Fachbezeichnung; CLDR-Bezeichnung, redaktionelle Ausspracheprüfung ausstehend."
curr_lbp;جنيه لبناني;جنيه لبناني;jnyh lbnāny;Libanesisches Pfund;currencies;Währungen;noun;;;;;"Aktuelle Währungsbezeichnung; überwiegend rezeptiver Fachwortschatz.";"Aktuelle Währungsbezeichnung; überwiegend rezeptiver Fachwortschatz.";extended;B2;5;5;currency|economy|b2|v012;draft;جنيه لبناني;جنيه لبناني;;;;formal;false;"Eigenname/Fachbezeichnung; CLDR-Bezeichnung, redaktionelle Ausspracheprüfung ausstehend."
curr_lrd;دولار ليبيري;دولار ليبيري;dwlār lybyry;Liberianischer Dollar;currencies;Währungen;noun;;;;;"Aktuelle Währungsbezeichnung; überwiegend rezeptiver Fachwortschatz.";"Aktuelle Währungsbezeichnung; überwiegend rezeptiver Fachwortschatz.";extended;B2;5;5;currency|economy|b2|v012;draft;دولار ليبيري;دولار ليبيري;;;;formal;false;"Eigenname/Fachbezeichnung; CLDR-Bezeichnung, redaktionelle Ausspracheprüfung ausstehend."
curr_lyd;دينار ليبي;دينار ليبي;dynār lyby;Libyscher Dinar;currencies;Währungen;noun;;;;;"Aktuelle Währungsbezeichnung; überwiegend rezeptiver Fachwortschatz.";"Aktuelle Währungsbezeichnung; überwiegend rezeptiver Fachwortschatz.";extended;B2;5;5;currency|economy|b2|v012;draft;دينار ليبي;دينار ليبي;;;;formal;false;"Eigenname/Fachbezeichnung; CLDR-Bezeichnung, redaktionelle Ausspracheprüfung ausstehend."
curr_lsl;لوتي ليسوتو;لوتي ليسوتو;lwty lyswtw;Loti;currencies;Währungen;noun;;;;;"Aktuelle Währungsbezeichnung; überwiegend rezeptiver Fachwortschatz.";"Aktuelle Währungsbezeichnung; überwiegend rezeptiver Fachwortschatz.";extended;B2;5;5;currency|economy|b2|v012;draft;لوتي ليسوتو;لوتي ليسوتو;;;;formal;false;"Eigenname/Fachbezeichnung; CLDR-Bezeichnung, redaktionelle Ausspracheprüfung ausstehend."
curr_mop;باتاكا ماكاوي;باتاكا ماكاوي;bātākā mākāwy;Macao-Pataca;currencies;Währungen;noun;;;;;"Aktuelle Währungsbezeichnung; überwiegend rezeptiver Fachwortschatz.";"Aktuelle Währungsbezeichnung; überwiegend rezeptiver Fachwortschatz.";extended;B2;5;5;currency|economy|b2|v012;draft;باتاكا ماكاوي;باتاكا ماكاوي;;;;formal;false;"Eigenname/Fachbezeichnung; CLDR-Bezeichnung, redaktionelle Ausspracheprüfung ausstehend."
curr_mga;أرياري مدغشقر;أرياري مدغشقر;aryāry mdghshqr;Madagaskar-Ariary;currencies;Währungen;noun;;;;;"Aktuelle Währungsbezeichnung; überwiegend rezeptiver Fachwortschatz.";"Aktuelle Währungsbezeichnung; überwiegend rezeptiver Fachwortschatz.";extended;B2;5;5;currency|economy|b2|v012;draft;أرياري مدغشقر;أرياري مدغشقر;;;;formal;false;"Eigenname/Fachbezeichnung; CLDR-Bezeichnung, redaktionelle Ausspracheprüfung ausstehend."
curr_mwk;كواشا مالاوي;كواشا مالاوي;kwāshā mālāwy;Malawi-Kwacha;currencies;Währungen;noun;;;;;"Aktuelle Währungsbezeichnung; überwiegend rezeptiver Fachwortschatz.";"Aktuelle Währungsbezeichnung; überwiegend rezeptiver Fachwortschatz.";extended;B2;5;5;currency|economy|b2|v012;draft;كواشا مالاوي;كواشا مالاوي;;;;formal;false;"Eigenname/Fachbezeichnung; CLDR-Bezeichnung, redaktionelle Ausspracheprüfung ausstehend."
curr_myr;رينغيت ماليزي;رينغيت ماليزي;rynghyt mālyzy;Malaysischer Ringgit;currencies;Währungen;noun;;;;;"Aktuelle Währungsbezeichnung; überwiegend rezeptiver Fachwortschatz.";"Aktuelle Währungsbezeichnung; überwiegend rezeptiver Fachwortschatz.";extended;B2;5;5;currency|economy|b2|v012;draft;رينغيت ماليزي;رينغيت ماليزي;;;;formal;false;"Eigenname/Fachbezeichnung; CLDR-Bezeichnung, redaktionelle Ausspracheprüfung ausstehend."
curr_mvr;روفيه جزر المالديف;روفيه جزر المالديف;rwfyh jzr ālmāldyf;Malediven-Rufiyaa;currencies;Währungen;noun;;;;;"Aktuelle Währungsbezeichnung; überwiegend rezeptiver Fachwortschatz.";"Aktuelle Währungsbezeichnung; überwiegend rezeptiver Fachwortschatz.";extended;B2;5;5;currency|economy|b2|v012;draft;روفيه جزر المالديف;روفيه جزر المالديف;;;;formal;false;"Eigenname/Fachbezeichnung; CLDR-Bezeichnung, redaktionelle Ausspracheprüfung ausstehend."
curr_mad;درهم مغربي;درهم مغربي;drhm mghrby;Marokkanischer Dirham;currencies;Währungen;noun;;;;;"Aktuelle Währungsbezeichnung; überwiegend rezeptiver Fachwortschatz.";"Aktuelle Währungsbezeichnung; überwiegend rezeptiver Fachwortschatz.";extended;B2;5;5;currency|economy|b2|v012;draft;درهم مغربي;درهم مغربي;;;;formal;false;"Eigenname/Fachbezeichnung; CLDR-Bezeichnung, redaktionelle Ausspracheprüfung ausstehend."
curr_mru;أوقية موريتانية;أوقية موريتانية;awqya mwrytānya;Mauretanischer Ouguiya;currencies;Währungen;noun;;;;;"Aktuelle Währungsbezeichnung; überwiegend rezeptiver Fachwortschatz.";"Aktuelle Währungsbezeichnung; überwiegend rezeptiver Fachwortschatz.";extended;B2;5;5;currency|economy|b2|v012;draft;أوقية موريتانية;أوقية موريتانية;;;;formal;false;"Eigenname/Fachbezeichnung; CLDR-Bezeichnung, redaktionelle Ausspracheprüfung ausstehend."
curr_mur;روبية موريشيوسية;روبية موريشيوسية;rwbya mwryshywsya;Mauritius-Rupie;currencies;Währungen;noun;;;;;"Aktuelle Währungsbezeichnung; überwiegend rezeptiver Fachwortschatz.";"Aktuelle Währungsbezeichnung; überwiegend rezeptiver Fachwortschatz.";extended;B2;5;5;currency|economy|b2|v012;draft;روبية موريشيوسية;روبية موريشيوسية;;;;formal;false;"Eigenname/Fachbezeichnung; CLDR-Bezeichnung, redaktionelle Ausspracheprüfung ausstehend."
curr_mkd;دينار مقدوني;دينار مقدوني;dynār mqdwny;Mazedonischer Denar;currencies;Währungen;noun;;;;;"Aktuelle Währungsbezeichnung; überwiegend rezeptiver Fachwortschatz.";"Aktuelle Währungsbezeichnung; überwiegend rezeptiver Fachwortschatz.";extended;B2;5;5;currency|economy|b2|v012;draft;دينار مقدوني;دينار مقدوني;;;;formal;false;"Eigenname/Fachbezeichnung; CLDR-Bezeichnung, redaktionelle Ausspracheprüfung ausstehend."
curr_mxn;بيزو مكسيكي;بيزو مكسيكي;byzw mksyky;Mexikanischer Peso;currencies;Währungen;noun;;;;;"Aktuelle Währungsbezeichnung; überwiegend rezeptiver Fachwortschatz.";"Aktuelle Währungsbezeichnung; überwiegend rezeptiver Fachwortschatz.";extended;B2;5;5;currency|economy|b2|v012;draft;بيزو مكسيكي;بيزو مكسيكي;;;;formal;false;"Eigenname/Fachbezeichnung; CLDR-Bezeichnung, redaktionelle Ausspracheprüfung ausstehend."
curr_mdl;ليو مولدوفي;ليو مولدوفي;lyw mwldwfy;Moldau-Leu;currencies;Währungen;noun;;;;;"Aktuelle Währungsbezeichnung; überwiegend rezeptiver Fachwortschatz.";"Aktuelle Währungsbezeichnung; überwiegend rezeptiver Fachwortschatz.";extended;B2;5;5;currency|economy|b2|v012;draft;ليو مولدوفي;ليو مولدوفي;;;;formal;false;"Eigenname/Fachbezeichnung; CLDR-Bezeichnung, redaktionelle Ausspracheprüfung ausstehend."
curr_mnt;توغروغ منغولي;توغروغ منغولي;twghrwgh mnghwly;Mongolischer Tögrög;currencies;Währungen;noun;;;;;"Aktuelle Währungsbezeichnung; überwiegend rezeptiver Fachwortschatz.";"Aktuelle Währungsbezeichnung; überwiegend rezeptiver Fachwortschatz.";extended;B2;5;5;currency|economy|b2|v012;draft;توغروغ منغولي;توغروغ منغولي;;;;formal;false;"Eigenname/Fachbezeichnung; CLDR-Bezeichnung, redaktionelle Ausspracheprüfung ausstehend."
curr_mzn;متكال موزمبيقي;متكال موزمبيقي;mtkāl mwzmbyqy;Mosambikanischer Metical;currencies;Währungen;noun;;;;;"Aktuelle Währungsbezeichnung; überwiegend rezeptiver Fachwortschatz.";"Aktuelle Währungsbezeichnung; überwiegend rezeptiver Fachwortschatz.";extended;B2;5;5;currency|economy|b2|v012;draft;متكال موزمبيقي;متكال موزمبيقي;;;;formal;false;"Eigenname/Fachbezeichnung; CLDR-Bezeichnung, redaktionelle Ausspracheprüfung ausstehend."
curr_mmk;كيات ميانمار;كيات ميانمار;kyāt myānmār;Myanmarischer Kyat;currencies;Währungen;noun;;;;;"Aktuelle Währungsbezeichnung; überwiegend rezeptiver Fachwortschatz.";"Aktuelle Währungsbezeichnung; überwiegend rezeptiver Fachwortschatz.";extended;B2;5;5;currency|economy|b2|v012;draft;كيات ميانمار;كيات ميانمار;;;;formal;false;"Eigenname/Fachbezeichnung; CLDR-Bezeichnung, redaktionelle Ausspracheprüfung ausstehend."
curr_nad;دولار ناميبي;دولار ناميبي;dwlār nāmyby;Namibia-Dollar;currencies;Währungen;noun;;;;;"Aktuelle Währungsbezeichnung; überwiegend rezeptiver Fachwortschatz.";"Aktuelle Währungsbezeichnung; überwiegend rezeptiver Fachwortschatz.";extended;B2;5;5;currency|economy|b2|v012;draft;دولار ناميبي;دولار ناميبي;;;;formal;false;"Eigenname/Fachbezeichnung; CLDR-Bezeichnung, redaktionelle Ausspracheprüfung ausstehend."
curr_npr;روبية نيبالي;روبية نيبالي;rwbya nybāly;Nepalesische Rupie;currencies;Währungen;noun;;;;;"Aktuelle Währungsbezeichnung; überwiegend rezeptiver Fachwortschatz.";"Aktuelle Währungsbezeichnung; überwiegend rezeptiver Fachwortschatz.";extended;B2;5;5;currency|economy|b2|v012;draft;روبية نيبالي;روبية نيبالي;;;;formal;false;"Eigenname/Fachbezeichnung; CLDR-Bezeichnung, redaktionelle Ausspracheprüfung ausstehend."
curr_twd;دولار تايواني;دولار تايواني;dwlār tāywāny;Neuer Taiwan-Dollar;currencies;Währungen;noun;;;;;"Aktuelle Währungsbezeichnung; überwiegend rezeptiver Fachwortschatz.";"Aktuelle Währungsbezeichnung; überwiegend rezeptiver Fachwortschatz.";extended;B2;5;5;currency|economy|b2|v012;draft;دولار تايواني;دولار تايواني;;;;formal;false;"Eigenname/Fachbezeichnung; CLDR-Bezeichnung, redaktionelle Ausspracheprüfung ausstehend."
curr_nzd;دولار نيوزيلندي;دولار نيوزيلندي;dwlār nywzylndy;Neuseeland-Dollar;currencies;Währungen;noun;;;;;"Aktuelle Währungsbezeichnung; überwiegend rezeptiver Fachwortschatz.";"Aktuelle Währungsbezeichnung; überwiegend rezeptiver Fachwortschatz.";extended;B2;5;5;currency|economy|b2|v012;draft;دولار نيوزيلندي;دولار نيوزيلندي;;;;formal;false;"Eigenname/Fachbezeichnung; CLDR-Bezeichnung, redaktionelle Ausspracheprüfung ausstehend."
curr_nio;قرطبة نيكاراغوا;قرطبة نيكاراغوا;qrṭba nykārāghwā;Nicaragua-Córdoba;currencies;Währungen;noun;;;;;"Aktuelle Währungsbezeichnung; überwiegend rezeptiver Fachwortschatz.";"Aktuelle Währungsbezeichnung; überwiegend rezeptiver Fachwortschatz.";extended;B2;5;5;currency|economy|b2|v012;draft;قرطبة نيكاراغوا;قرطبة نيكاراغوا;;;;formal;false;"Eigenname/Fachbezeichnung; CLDR-Bezeichnung, redaktionelle Ausspracheprüfung ausstehend."
curr_ngn;نايرا نيجيري;نايرا نيجيري;nāyrā nyjyry;Nigerianischer Naira;currencies;Währungen;noun;;;;;"Aktuelle Währungsbezeichnung; überwiegend rezeptiver Fachwortschatz.";"Aktuelle Währungsbezeichnung; überwiegend rezeptiver Fachwortschatz.";extended;B2;5;5;currency|economy|b2|v012;draft;نايرا نيجيري;نايرا نيجيري;;;;formal;false;"Eigenname/Fachbezeichnung; CLDR-Bezeichnung, redaktionelle Ausspracheprüfung ausstehend."
curr_kpw;وون كوريا الشمالية;وون كوريا الشمالية;wwn kwryā ālshmālya;Nordkoreanischer Won;currencies;Währungen;noun;;;;;"Aktuelle Währungsbezeichnung; überwiegend rezeptiver Fachwortschatz.";"Aktuelle Währungsbezeichnung; überwiegend rezeptiver Fachwortschatz.";extended;B2;5;5;currency|economy|b2|v012;draft;وون كوريا الشمالية;وون كوريا الشمالية;;;;formal;false;"Eigenname/Fachbezeichnung; CLDR-Bezeichnung, redaktionelle Ausspracheprüfung ausstehend."
curr_nok;كرونة نرويجية;كرونة نرويجية;krwna nrwyjya;Norwegische Krone;currencies;Währungen;noun;;;;;"Aktuelle Währungsbezeichnung; überwiegend rezeptiver Fachwortschatz.";"Aktuelle Währungsbezeichnung; überwiegend rezeptiver Fachwortschatz.";extended;B2;5;5;currency|economy|b2|v012;draft;كرونة نرويجية;كرونة نرويجية;;;;formal;false;"Eigenname/Fachbezeichnung; CLDR-Bezeichnung, redaktionelle Ausspracheprüfung ausstehend."
curr_omr;ريال عماني;ريال عماني;ryāl ʿmāny;Omanischer Rial;currencies;Währungen;noun;;;;;"Aktuelle Währungsbezeichnung; überwiegend rezeptiver Fachwortschatz.";"Aktuelle Währungsbezeichnung; überwiegend rezeptiver Fachwortschatz.";extended;B2;5;5;currency|economy|b2|v012;draft;ريال عماني;ريال عماني;;;;formal;false;"Eigenname/Fachbezeichnung; CLDR-Bezeichnung, redaktionelle Ausspracheprüfung ausstehend."
curr_xcd;دولار شرق الكاريبي;دولار شرق الكاريبي;dwlār shrq ālkāryby;Ostkaribischer Dollar;currencies;Währungen;noun;;;;;"Aktuelle Währungsbezeichnung; überwiegend rezeptiver Fachwortschatz.";"Aktuelle Währungsbezeichnung; überwiegend rezeptiver Fachwortschatz.";extended;B2;5;5;currency|economy|b2|v012;draft;دولار شرق الكاريبي;دولار شرق الكاريبي;;;;formal;false;"Eigenname/Fachbezeichnung; CLDR-Bezeichnung, redaktionelle Ausspracheprüfung ausstehend."
curr_pkr;روبية باكستاني;روبية باكستاني;rwbya bākstāny;Pakistanische Rupie;currencies;Währungen;noun;;;;;"Aktuelle Währungsbezeichnung; überwiegend rezeptiver Fachwortschatz.";"Aktuelle Währungsbezeichnung; überwiegend rezeptiver Fachwortschatz.";extended;B2;5;5;currency|economy|b2|v012;draft;روبية باكستاني;روبية باكستاني;;;;formal;false;"Eigenname/Fachbezeichnung; CLDR-Bezeichnung, redaktionelle Ausspracheprüfung ausstehend."
curr_pab;بالبوا بنمي;بالبوا بنمي;bālbwā bnmy;Panamaischer Balboa;currencies;Währungen;noun;;;;;"Aktuelle Währungsbezeichnung; überwiegend rezeptiver Fachwortschatz.";"Aktuelle Währungsbezeichnung; überwiegend rezeptiver Fachwortschatz.";extended;B2;5;5;currency|economy|b2|v012;draft;بالبوا بنمي;بالبوا بنمي;;;;formal;false;"Eigenname/Fachbezeichnung; CLDR-Bezeichnung, redaktionelle Ausspracheprüfung ausstehend."
curr_pgk;كينا بابوا غينيا الجديدة;كينا بابوا غينيا الجديدة;kynā bābwā ghynyā āljdyda;Papua-neuguineischer Kina;currencies;Währungen;noun;;;;;"Aktuelle Währungsbezeichnung; überwiegend rezeptiver Fachwortschatz.";"Aktuelle Währungsbezeichnung; überwiegend rezeptiver Fachwortschatz.";extended;B2;5;5;currency|economy|b2|v012;draft;كينا بابوا غينيا الجديدة;كينا بابوا غينيا الجديدة;;;;formal;false;"Eigenname/Fachbezeichnung; CLDR-Bezeichnung, redaktionelle Ausspracheprüfung ausstehend."
curr_pyg;غواراني باراغواي;غواراني باراغواي;ghwārāny bārāghwāy;Paraguayischer Guaraní;currencies;Währungen;noun;;;;;"Aktuelle Währungsbezeichnung; überwiegend rezeptiver Fachwortschatz.";"Aktuelle Währungsbezeichnung; überwiegend rezeptiver Fachwortschatz.";extended;B2;5;5;currency|economy|b2|v012;draft;غواراني باراغواي;غواراني باراغواي;;;;formal;false;"Eigenname/Fachbezeichnung; CLDR-Bezeichnung, redaktionelle Ausspracheprüfung ausstehend."
curr_pen;سول بيروفي;سول بيروفي;swl byrwfy;Peruanischer Sol;currencies;Währungen;noun;;;;;"Aktuelle Währungsbezeichnung; überwiegend rezeptiver Fachwortschatz.";"Aktuelle Währungsbezeichnung; überwiegend rezeptiver Fachwortschatz.";extended;B2;5;5;currency|economy|b2|v012;draft;سول بيروفي;سول بيروفي;;;;formal;false;"Eigenname/Fachbezeichnung; CLDR-Bezeichnung, redaktionelle Ausspracheprüfung ausstehend."
curr_php;بيزو فلبيني;بيزو فلبيني;byzw flbyny;Philippinischer Peso;currencies;Währungen;noun;;;;;"Aktuelle Währungsbezeichnung; überwiegend rezeptiver Fachwortschatz.";"Aktuelle Währungsbezeichnung; überwiegend rezeptiver Fachwortschatz.";extended;B2;5;5;currency|economy|b2|v012;draft;بيزو فلبيني;بيزو فلبيني;;;;formal;false;"Eigenname/Fachbezeichnung; CLDR-Bezeichnung, redaktionelle Ausspracheprüfung ausstehend."
curr_pln;زلوتي بولندي;زلوتي بولندي;zlwty bwlndy;Polnischer Złoty;currencies;Währungen;noun;;;;;"Aktuelle Währungsbezeichnung; überwiegend rezeptiver Fachwortschatz.";"Aktuelle Währungsbezeichnung; überwiegend rezeptiver Fachwortschatz.";extended;B2;5;5;currency|economy|b2|v012;draft;زلوتي بولندي;زلوتي بولندي;;;;formal;false;"Eigenname/Fachbezeichnung; CLDR-Bezeichnung, redaktionelle Ausspracheprüfung ausstehend."
curr_cny;يوان صيني;يوان صيني;ywān ṣyny;Renminbi Yuan;currencies;Währungen;noun;;;;;"Aktuelle Währungsbezeichnung; überwiegend rezeptiver Fachwortschatz.";"Aktuelle Währungsbezeichnung; überwiegend rezeptiver Fachwortschatz.";extended;B2;5;5;currency|economy|b2|v012;draft;يوان صيني;يوان صيني;;;;formal;false;"Eigenname/Fachbezeichnung; CLDR-Bezeichnung, redaktionelle Ausspracheprüfung ausstehend."
curr_rwf;فرنك رواندي;فرنك رواندي;frnk rwāndy;Ruanda-Franc;currencies;Währungen;noun;;;;;"Aktuelle Währungsbezeichnung; überwiegend rezeptiver Fachwortschatz.";"Aktuelle Währungsbezeichnung; überwiegend rezeptiver Fachwortschatz.";extended;B2;5;5;currency|economy|b2|v012;draft;فرنك رواندي;فرنك رواندي;;;;formal;false;"Eigenname/Fachbezeichnung; CLDR-Bezeichnung, redaktionelle Ausspracheprüfung ausstehend."
curr_ron;ليو روماني;ليو روماني;lyw rwmāny;Rumänischer Leu;currencies;Währungen;noun;;;;;"Aktuelle Währungsbezeichnung; überwiegend rezeptiver Fachwortschatz.";"Aktuelle Währungsbezeichnung; überwiegend rezeptiver Fachwortschatz.";extended;B2;5;5;currency|economy|b2|v012;draft;ليو روماني;ليو روماني;;;;formal;false;"Eigenname/Fachbezeichnung; CLDR-Bezeichnung, redaktionelle Ausspracheprüfung ausstehend."
curr_rub;روبل روسي;روبل روسي;rwbl rwsy;Russischer Rubel;currencies;Währungen;noun;;;;;"Aktuelle Währungsbezeichnung; überwiegend rezeptiver Fachwortschatz.";"Aktuelle Währungsbezeichnung; überwiegend rezeptiver Fachwortschatz.";extended;B2;5;5;currency|economy|b2|v012;draft;روبل روسي;روبل روسي;;;;formal;false;"Eigenname/Fachbezeichnung; CLDR-Bezeichnung, redaktionelle Ausspracheprüfung ausstehend."
curr_sbd;دولار جزر سليمان;دولار جزر سليمان;dwlār jzr slymān;Salomonen-Dollar;currencies;Währungen;noun;;;;;"Aktuelle Währungsbezeichnung; überwiegend rezeptiver Fachwortschatz.";"Aktuelle Währungsbezeichnung; überwiegend rezeptiver Fachwortschatz.";extended;B2;5;5;currency|economy|b2|v012;draft;دولار جزر سليمان;دولار جزر سليمان;;;;formal;false;"Eigenname/Fachbezeichnung; CLDR-Bezeichnung, redaktionelle Ausspracheprüfung ausstehend."
curr_wst;تالا ساموا;تالا ساموا;tālā sāmwā;Samoanischer Tala;currencies;Währungen;noun;;;;;"Aktuelle Währungsbezeichnung; überwiegend rezeptiver Fachwortschatz.";"Aktuelle Währungsbezeichnung; überwiegend rezeptiver Fachwortschatz.";extended;B2;5;5;currency|economy|b2|v012;draft;تالا ساموا;تالا ساموا;;;;formal;false;"Eigenname/Fachbezeichnung; CLDR-Bezeichnung, redaktionelle Ausspracheprüfung ausstehend."
curr_sar;ريال سعودي;ريال سعودي;ryāl sʿwdy;Saudi-Rial;currencies;Währungen;noun;;;;;"Aktuelle Währungsbezeichnung; überwiegend rezeptiver Fachwortschatz.";"Aktuelle Währungsbezeichnung; überwiegend rezeptiver Fachwortschatz.";extended;B2;5;5;currency|economy|b2|v012;draft;ريال سعودي;ريال سعودي;;;;formal;false;"Eigenname/Fachbezeichnung; CLDR-Bezeichnung, redaktionelle Ausspracheprüfung ausstehend."
curr_sek;كرونة سويدية;كرونة سويدية;krwna swydya;Schwedische Krone;currencies;Währungen;noun;;;;;"Aktuelle Währungsbezeichnung; überwiegend rezeptiver Fachwortschatz.";"Aktuelle Währungsbezeichnung; überwiegend rezeptiver Fachwortschatz.";extended;B2;5;5;currency|economy|b2|v012;draft;كرونة سويدية;كرونة سويدية;;;;formal;false;"Eigenname/Fachbezeichnung; CLDR-Bezeichnung, redaktionelle Ausspracheprüfung ausstehend."
curr_chf;فرنك سويسري;فرنك سويسري;frnk swysry;Schweizer Franken;currencies;Währungen;noun;;;;;"Aktuelle Währungsbezeichnung; überwiegend rezeptiver Fachwortschatz.";"Aktuelle Währungsbezeichnung; überwiegend rezeptiver Fachwortschatz.";extended;B2;5;5;currency|economy|b2|v012;draft;فرنك سويسري;فرنك سويسري;;;;formal;false;"Eigenname/Fachbezeichnung; CLDR-Bezeichnung, redaktionelle Ausspracheprüfung ausstehend."
curr_rsd;دينار صربي;دينار صربي;dynār ṣrby;Serbischer Dinar;currencies;Währungen;noun;;;;;"Aktuelle Währungsbezeichnung; überwiegend rezeptiver Fachwortschatz.";"Aktuelle Währungsbezeichnung; überwiegend rezeptiver Fachwortschatz.";extended;B2;5;5;currency|economy|b2|v012;draft;دينار صربي;دينار صربي;;;;formal;false;"Eigenname/Fachbezeichnung; CLDR-Bezeichnung, redaktionelle Ausspracheprüfung ausstehend."
curr_scr;روبية سيشيلية;روبية سيشيلية;rwbya syshylya;Seychellen-Rupie;currencies;Währungen;noun;;;;;"Aktuelle Währungsbezeichnung; überwiegend rezeptiver Fachwortschatz.";"Aktuelle Währungsbezeichnung; überwiegend rezeptiver Fachwortschatz.";extended;B2;5;5;currency|economy|b2|v012;draft;روبية سيشيلية;روبية سيشيلية;;;;formal;false;"Eigenname/Fachbezeichnung; CLDR-Bezeichnung, redaktionelle Ausspracheprüfung ausstehend."
curr_sle;ليون سيراليوني;ليون سيراليوني;lywn syrālywny;Sierra-leonischer Leone;currencies;Währungen;noun;;;;;"Aktuelle Währungsbezeichnung; überwiegend rezeptiver Fachwortschatz.";"Aktuelle Währungsbezeichnung; überwiegend rezeptiver Fachwortschatz.";extended;B2;5;5;currency|economy|b2|v012;draft;ليون سيراليوني;ليون سيراليوني;;;;formal;false;"Eigenname/Fachbezeichnung; CLDR-Bezeichnung, redaktionelle Ausspracheprüfung ausstehend."
curr_sgd;دولار سنغافوري;دولار سنغافوري;dwlār snghāfwry;Singapur-Dollar;currencies;Währungen;noun;;;;;"Aktuelle Währungsbezeichnung; überwiegend rezeptiver Fachwortschatz.";"Aktuelle Währungsbezeichnung; überwiegend rezeptiver Fachwortschatz.";extended;B2;5;5;currency|economy|b2|v012;draft;دولار سنغافوري;دولار سنغافوري;;;;formal;false;"Eigenname/Fachbezeichnung; CLDR-Bezeichnung, redaktionelle Ausspracheprüfung ausstehend."
curr_sos;شلن صومالي;شلن صومالي;shln ṣwmāly;Somalia-Schilling;currencies;Währungen;noun;;;;;"Aktuelle Währungsbezeichnung; überwiegend rezeptiver Fachwortschatz.";"Aktuelle Währungsbezeichnung; überwiegend rezeptiver Fachwortschatz.";extended;B2;5;5;currency|economy|b2|v012;draft;شلن صومالي;شلن صومالي;;;;formal;false;"Eigenname/Fachbezeichnung; CLDR-Bezeichnung, redaktionelle Ausspracheprüfung ausstehend."
curr_lkr;روبية سريلانكية;روبية سريلانكية;rwbya srylānkya;Sri-Lanka-Rupie;currencies;Währungen;noun;;;;;"Aktuelle Währungsbezeichnung; überwiegend rezeptiver Fachwortschatz.";"Aktuelle Währungsbezeichnung; überwiegend rezeptiver Fachwortschatz.";extended;B2;5;5;currency|economy|b2|v012;draft;روبية سريلانكية;روبية سريلانكية;;;;formal;false;"Eigenname/Fachbezeichnung; CLDR-Bezeichnung, redaktionelle Ausspracheprüfung ausstehend."
curr_shp;جنيه سانت هيلين;جنيه سانت هيلين;jnyh sānt hylyn;St.-Helena-Pfund;currencies;Währungen;noun;;;;;"Aktuelle Währungsbezeichnung; überwiegend rezeptiver Fachwortschatz.";"Aktuelle Währungsbezeichnung; überwiegend rezeptiver Fachwortschatz.";extended;B2;5;5;currency|economy|b2|v012;draft;جنيه سانت هيلين;جنيه سانت هيلين;;;;formal;false;"Eigenname/Fachbezeichnung; CLDR-Bezeichnung, redaktionelle Ausspracheprüfung ausstehend."
curr_sdg;جنيه سوداني;جنيه سوداني;jnyh swdāny;Sudanesisches Pfund;currencies;Währungen;noun;;;;;"Aktuelle Währungsbezeichnung; überwiegend rezeptiver Fachwortschatz.";"Aktuelle Währungsbezeichnung; überwiegend rezeptiver Fachwortschatz.";extended;B2;5;5;currency|economy|b2|v012;draft;جنيه سوداني;جنيه سوداني;;;;formal;false;"Eigenname/Fachbezeichnung; CLDR-Bezeichnung, redaktionelle Ausspracheprüfung ausstehend."
curr_srd;دولار سورينامي;دولار سورينامي;dwlār swrynāmy;Suriname-Dollar;currencies;Währungen;noun;;;;;"Aktuelle Währungsbezeichnung; überwiegend rezeptiver Fachwortschatz.";"Aktuelle Währungsbezeichnung; überwiegend rezeptiver Fachwortschatz.";extended;B2;5;5;currency|economy|b2|v012;draft;دولار سورينامي;دولار سورينامي;;;;formal;false;"Eigenname/Fachbezeichnung; CLDR-Bezeichnung, redaktionelle Ausspracheprüfung ausstehend."
curr_szl;ليلانجيني سوازيلندي;ليلانجيني سوازيلندي;lylānjyny swāzylndy;Swasiländischer Lilangeni;currencies;Währungen;noun;;;;;"Aktuelle Währungsbezeichnung; überwiegend rezeptiver Fachwortschatz.";"Aktuelle Währungsbezeichnung; überwiegend rezeptiver Fachwortschatz.";extended;B2;5;5;currency|economy|b2|v012;draft;ليلانجيني سوازيلندي;ليلانجيني سوازيلندي;;;;formal;false;"Eigenname/Fachbezeichnung; CLDR-Bezeichnung, redaktionelle Ausspracheprüfung ausstehend."
curr_syp;ليرة سورية;ليرة سورية;lyra swrya;Syrisches Pfund;currencies;Währungen;noun;;;;;"Aktuelle Währungsbezeichnung; überwiegend rezeptiver Fachwortschatz.";"Aktuelle Währungsbezeichnung; überwiegend rezeptiver Fachwortschatz.";extended;B2;5;5;currency|economy|b2|v012;draft;ليرة سورية;ليرة سورية;;;;formal;false;"Eigenname/Fachbezeichnung; CLDR-Bezeichnung, redaktionelle Ausspracheprüfung ausstehend."
curr_stn;دوبرا ساو تومي وبرينسيبي;دوبرا ساو تومي وبرينسيبي;dwbrā sāw twmy wbrynsyby;São-toméischer Dobra;currencies;Währungen;noun;;;;;"Aktuelle Währungsbezeichnung; überwiegend rezeptiver Fachwortschatz.";"Aktuelle Währungsbezeichnung; überwiegend rezeptiver Fachwortschatz.";extended;B2;5;5;currency|economy|b2|v012;draft;دوبرا ساو تومي وبرينسيبي;دوبرا ساو تومي وبرينسيبي;;;;formal;false;"Eigenname/Fachbezeichnung; CLDR-Bezeichnung, redaktionelle Ausspracheprüfung ausstehend."
curr_zar;راند جنوب أفريقيا;راند جنوب أفريقيا;rānd jnwb afryqyā;Südafrikanischer Rand;currencies;Währungen;noun;;;;;"Aktuelle Währungsbezeichnung; überwiegend rezeptiver Fachwortschatz.";"Aktuelle Währungsbezeichnung; überwiegend rezeptiver Fachwortschatz.";extended;B2;5;5;currency|economy|b2|v012;draft;راند جنوب أفريقيا;راند جنوب أفريقيا;;;;formal;false;"Eigenname/Fachbezeichnung; CLDR-Bezeichnung, redaktionelle Ausspracheprüfung ausstehend."
curr_krw;وون كوريا الجنوبية;وون كوريا الجنوبية;wwn kwryā āljnwbya;Südkoreanischer Won;currencies;Währungen;noun;;;;;"Aktuelle Währungsbezeichnung; überwiegend rezeptiver Fachwortschatz.";"Aktuelle Währungsbezeichnung; überwiegend rezeptiver Fachwortschatz.";extended;B2;5;5;currency|economy|b2|v012;draft;وون كوريا الجنوبية;وون كوريا الجنوبية;;;;formal;false;"Eigenname/Fachbezeichnung; CLDR-Bezeichnung, redaktionelle Ausspracheprüfung ausstehend."
curr_ssp;جنيه جنوب السودان;جنيه جنوب السودان;jnyh jnwb ālswdān;Südsudanesisches Pfund;currencies;Währungen;noun;;;;;"Aktuelle Währungsbezeichnung; überwiegend rezeptiver Fachwortschatz.";"Aktuelle Währungsbezeichnung; überwiegend rezeptiver Fachwortschatz.";extended;B2;5;5;currency|economy|b2|v012;draft;جنيه جنوب السودان;جنيه جنوب السودان;;;;formal;false;"Eigenname/Fachbezeichnung; CLDR-Bezeichnung, redaktionelle Ausspracheprüfung ausstehend."
curr_tjs;سوموني طاجيكستاني;سوموني طاجيكستاني;swmwny ṭājykstāny;Tadschikistan-Somoni;currencies;Währungen;noun;;;;;"Aktuelle Währungsbezeichnung; überwiegend rezeptiver Fachwortschatz.";"Aktuelle Währungsbezeichnung; überwiegend rezeptiver Fachwortschatz.";extended;B2;5;5;currency|economy|b2|v012;draft;سوموني طاجيكستاني;سوموني طاجيكستاني;;;;formal;false;"Eigenname/Fachbezeichnung; CLDR-Bezeichnung, redaktionelle Ausspracheprüfung ausstehend."
